OTU_ID,SuperKingdom,Phylum,Class,Order,Family,Genus,Species
OTU1,Eukaryota,,Phaeophyceae,Ectocarpales,Scytosiphonaceae,Planosiphon,Planosiphon_gracilis
OTU10,Eukaryota,,,,,,
OTU100,Eukaryota,Arthropoda,Insecta,,,,
OTU1000,Eukaryota,,,,,,
OTU1001,Eukaryota,,,,,,
OTU1002,Eukaryota,,,,,,
OTU1003,Eukaryota,,,,,,
OTU1004,Eukaryota,,,,,,
OTU1005,Eukaryota,,,,,,
OTU1006,Eukaryota,,,,,,
OTU1007,Eukaryota,,,,,,
OTU1008,Eukaryota,,,,,,
OTU1009,Eukaryota,,,,,,
OTU101,Eukaryota,Oomycota,,Pythiales,Pythiaceae,Salispina,Salispina_spinosa
OTU1010,Eukaryota,,,,,,
OTU1011,Eukaryota,,,,,,
OTU1012,Eukaryota,Rhodophyta,Florideophyceae,,,,
OTU1013,Eukaryota,Oomycota,,Pythiales,Pythiaceae,,
OTU1014,Eukaryota,,,,,,
OTU1015,Eukaryota,,,,,,
OTU1016,Eukaryota,,,,,,
OTU1017,Eukaryota,,,,,,
OTU1018,Eukaryota,,,,,,
OTU1019,Eukaryota,,,,,,
OTU102,Eukaryota,,,,,,
OTU1020,Eukaryota,,,,,,
OTU1021,Eukaryota,,,,,,
OTU1022,Eukaryota,,,,,,
OTU1023,Eukaryota,,,,,,
OTU1024,Eukaryota,,,,,,
OTU1025,Eukaryota,,,,,,
OTU1026,Eukaryota,,,,,,
OTU1027,Eukaryota,,,,,,
OTU1028,Eukaryota,,,,,,
OTU1029,Eukaryota,Rhodophyta,Florideophyceae,,,,
OTU103,Eukaryota,,,,,,
OTU1030,Eukaryota,,,,,,
OTU1031,Eukaryota,,,,,,
OTU1032,Eukaryota,,,,,,
OTU1033,Eukaryota,,,,,,
OTU1034,Eukaryota,,,,,,
OTU1035,Eukaryota,,,,,,
OTU1036,Eukaryota,,,,,,
OTU1037,Eukaryota,,,,,,
OTU1038,Eukaryota,,,,,,
OTU1039,Eukaryota,,,,,,
OTU104,Eukaryota,,,,,,
OTU1040,Eukaryota,,,,,,
OTU1041,Eukaryota,,,,,,
OTU1042,Eukaryota,Rhodophyta,Florideophyceae,Gelidiales,Gelidiaceae,Capreolia,Capreolia implexa
OTU1043,Eukaryota,,,,,,
OTU1044,Eukaryota,,,,,,
OTU1045,Eukaryota,,,,,,
OTU1046,Eukaryota,,,,,,
OTU1047,Eukaryota,,,,,,
OTU1048,Eukaryota,Rhodophyta,Florideophyceae,,,,
OTU1049,Eukaryota,,,,,,
OTU105,Eukaryota,Bacillariophyta,Coscinodiscophyceae,Chaetocerotales,Chaetocerotaceae,Chaetoceros,
OTU1050,Eukaryota,,,,,,
OTU1051,Eukaryota,,,,,,
OTU1052,Eukaryota,,,,,,
OTU1053,Eukaryota,,,,,,
OTU1054,Eukaryota,Oomycota,,,,,
OTU1055,Eukaryota,,,,,,
OTU1056,Eukaryota,,,,,,
OTU1057,Eukaryota,,,,,,
OTU1058,Eukaryota,,,,,,
OTU1059,Eukaryota,Chordata,Actinopteri,Cichliformes,Cichlidae,Oreochromis,
OTU106,Eukaryota,Oomycota,,Pythiales,Pythiaceae,Pythium,
OTU1060,Eukaryota,,,,,,
OTU1061,Eukaryota,,,,,,
OTU1062,Eukaryota,Rhodophyta,Florideophyceae,,,,
OTU1063,Eukaryota,,,,,,
OTU1064,Eukaryota,Oomycota,,Pythiales,Pythiaceae,Pythium,
OTU1065,Eukaryota,Oomycota,,Pythiales,Pythiaceae,Pythium,
OTU1066,Eukaryota,,,,,,
OTU1067,Eukaryota,,,,,,
OTU1068,Eukaryota,,,,,,
OTU1069,Eukaryota,,,,,,
OTU107,Eukaryota,,,,,,
OTU1070,Eukaryota,,,,,,
OTU1071,Eukaryota,,,,,,
OTU1072,Eukaryota,,,,,,
OTU1073,Eukaryota,Oomycota,,Saprolegniales,Saprolegniaceae,Achlya_2,
OTU1074,Eukaryota,,,,,,
OTU1075,Eukaryota,Oomycota,,Saprolegniales,Saprolegniaceae,,
OTU1076,Eukaryota,,,,,,
OTU1077,Eukaryota,,Phaeophyceae,,,,
OTU1078,Eukaryota,,,,,,
OTU1079,Eukaryota,,,,,,
OTU108,Eukaryota,,,,,,
OTU1080,Eukaryota,,,,,,
OTU1081,Eukaryota,Bacillariophyta,Bacillariophyceae,Bacillariales,Bacillariaceae,Nitzschia,Nitzschia palea
OTU1082,Eukaryota,,,,,,
OTU1083,Eukaryota,,,,,,
OTU1084,Eukaryota,,,,,,
OTU1085,Eukaryota,,,,,,
OTU1086,Eukaryota,,,,,,
OTU1087,Eukaryota,,,,,,
OTU1088,Eukaryota,,,,,,
OTU1089,Eukaryota,,,,,,
OTU109,Eukaryota,,,,,,
OTU1090,Eukaryota,,,,,,
OTU1091,Eukaryota,,,,,,
OTU1092,Eukaryota,,,,,,
OTU1093,Eukaryota,,,,,,
OTU1094,Eukaryota,,,,,,
OTU1095,Eukaryota,,,,,,
OTU1096,Eukaryota,,,,,,
OTU1097,Eukaryota,,,,,,
OTU1098,Eukaryota,,,,,,
OTU1099,Eukaryota,,,,,,
OTU11,Eukaryota,Oomycota,,Pythiales,Pythiaceae,Pythium,
OTU110,Eukaryota,Mucoromycota,Mucoromycetes,Mucorales,Mucoraceae,,
OTU1100,Eukaryota,,,,,,
OTU1101,Eukaryota,,,,,,
OTU1102,Eukaryota,,,,,,
OTU1103,Eukaryota,,,,,,
OTU1104,Eukaryota,,,,,,
OTU1105,Eukaryota,Basidiomycota,Agaricomycetes,Polyporales,Polyporaceae,Ganoderma,Ganoderma applanatum
OTU1106,Eukaryota,,,,,,
OTU1107,Eukaryota,,,,,,
OTU1108,Eukaryota,,,,,,
OTU1109,Eukaryota,,,,,,
OTU111,Eukaryota,,,,,,
OTU1110,Eukaryota,,,,,,
OTU1111,Eukaryota,,,,,,
OTU1112,Eukaryota,,,,,,
OTU1113,Eukaryota,,,,,,
OTU1114,Eukaryota,,,,,,
OTU1115,Eukaryota,,,,,,
OTU1116,Eukaryota,,,,,,
OTU1117,Eukaryota,,,,,,
OTU1118,Eukaryota,,,,,,
OTU1119,Eukaryota,,,,,,
OTU112,Eukaryota,,,,,,
OTU1120,Eukaryota,,,,,,
OTU1121,Eukaryota,,,,,,
OTU1122,Eukaryota,,,,,,
OTU1123,Eukaryota,,,,,,
OTU1124,Eukaryota,,,,,,
OTU1125,Eukaryota,,,,,,
OTU1126,Eukaryota,Chordata,,,,,
OTU1127,Eukaryota,,,,,,
OTU1128,Eukaryota,,,,,,
OTU1129,Eukaryota,,,,,,
OTU113,Eukaryota,,Eustigmatophyceae,Eustigmatales,Monodopsidaceae,Nannochloropsis,
OTU1130,Eukaryota,,,,,,
OTU1131,Eukaryota,,,,,,
OTU1132,Eukaryota,,,,,,
OTU1133,Eukaryota,,,,,,
OTU1134,Eukaryota,,,,,,
OTU1135,Eukaryota,,,,,,
OTU1136,Eukaryota,Rhodophyta,Florideophyceae,Gigartinales,Hypneaceae,Hypnea,Hypnea bullata
OTU1137,Eukaryota,,,,,,
OTU1138,Eukaryota,,,,,,
OTU1139,Eukaryota,,,,,,
OTU114,Eukaryota,,,,,,
OTU1140,Eukaryota,,,,,,
OTU1141,Eukaryota,,,,,,
OTU1142,Eukaryota,,,,,,
OTU1143,Eukaryota,,,,,,
OTU1144,Eukaryota,,,,,,
OTU1145,Eukaryota,,,,,,
OTU1146,Eukaryota,Oomycota,,Pythiales,Pythiaceae,Pythium,
OTU1147,Eukaryota,,,,,,
OTU1148,Eukaryota,,,,,,
OTU1149,Eukaryota,,,,,,
OTU115,Eukaryota,,,,,,
OTU1150,Eukaryota,,,,,,
OTU1151,Eukaryota,,,,,,
OTU1152,Eukaryota,,,,,,
OTU1153,Eukaryota,,,,,,
OTU1154,Eukaryota,,,,,,
OTU1155,Eukaryota,,,,,,
OTU1156,Eukaryota,,,,,,
OTU1157,Eukaryota,,,,,,
OTU1158,Eukaryota,Arthropoda,,,,,
OTU1159,Eukaryota,,,,,,
OTU116,Eukaryota,,Chrysophyceae,Chromulinales,Chromulinaceae,Spumella,Spumella_vulgaris
OTU1160,Eukaryota,,,,,,
OTU1161,Eukaryota,,,,,,
OTU1162,Eukaryota,,,,,,
OTU1163,Eukaryota,,,,,,
OTU1164,Eukaryota,,,,,,
OTU1165,Eukaryota,,,,,,
OTU1166,Eukaryota,,,,,,
OTU1167,Eukaryota,,,,,,
OTU1168,Eukaryota,,,,,,
OTU1169,Eukaryota,,,,,,
OTU117,Eukaryota,,,,,,
OTU1170,Eukaryota,,,,,,
OTU1171,Eukaryota,,,,,,
OTU1172,Eukaryota,,,,,,
OTU1173,Eukaryota,,,,,,
OTU1174,Eukaryota,,,,,,
OTU1175,Eukaryota,Bryozoa,Phylactolaemata,,Lophopodidae,Asajirella,Asajirella_gelatinosa
OTU1176,Eukaryota,,,,,,
OTU1177,Eukaryota,,,,,,
OTU1178,Eukaryota,,,,,,
OTU1179,Eukaryota,,,,,,
OTU118,Eukaryota,,,,,,
OTU1180,Eukaryota,,,,,,
OTU1181,Eukaryota,,,,,,
OTU1182,Eukaryota,,,,,,
OTU1183,Eukaryota,,,,,,
OTU1184,Eukaryota,,,,,,
OTU1185,Eukaryota,Rhodophyta,Florideophyceae,Gigartinales,Solieriaceae,,
OTU1186,Eukaryota,,,,,,
OTU1187,Eukaryota,Rhodophyta,Florideophyceae,Ceramiales,Rhodomelaceae,,
OTU1188,Eukaryota,,,,,,
OTU1189,Eukaryota,,,,,,
OTU119,Eukaryota,,,,,,
OTU1190,Eukaryota,,,,,,
OTU1191,Eukaryota,,,,,,
OTU1192,Eukaryota,Basidiomycota,Agaricomycetes,,,,
OTU1193,Eukaryota,,,,,,
OTU1194,Eukaryota,Bacillariophyta,Coscinodiscophyceae,Thalassiosirales,Thalassiosiraceae,Thalassiosira,Thalassiosira pseudonana
OTU1195,Eukaryota,Cnidaria,Anthozoa,Actiniaria,Diadumenidae,Diadumene,
OTU1196,Eukaryota,,,,,,
OTU1197,Eukaryota,,,,,,
OTU1198,Eukaryota,Bacillariophyta,Coscinodiscophyceae,Thalassiosirales,Thalassiosiraceae,Thalassiosira,
OTU1199,Eukaryota,Blastocladiomycota,,,,,
OTU12,Eukaryota,,,,,,
OTU120,Eukaryota,,,,,,
OTU1200,Eukaryota,,,,,,
OTU1201,Eukaryota,,,,,,
OTU1202,Eukaryota,,,,,,
OTU1203,Eukaryota,Chordata,Actinopteri,Cypriniformes,,,
OTU1204,Eukaryota,,,,,,
OTU1205,Eukaryota,,,,,,
OTU1206,Eukaryota,,,,,,
OTU1207,Eukaryota,Discosea,Flabellinia,,Vannellidae,Clydonella,Clydonella_sawyeri
OTU1208,Eukaryota,,Bigyra,Bicosoecida,,Cafileria,Cafileria_marina
OTU1209,Eukaryota,,,,,,
OTU121,Eukaryota,Bacillariophyta,Coscinodiscophyceae,Paraliales,Paraliaceae,Paralia,Paralia sulcata
OTU1210,Eukaryota,Arthropoda,Insecta,Hemiptera,Aphididae,,
OTU1211,Eukaryota,,,,,,
OTU1212,Eukaryota,,,,,,
OTU1213,Eukaryota,,,,,,
OTU1214,Eukaryota,Rhodophyta,Florideophyceae,Batrachospermales,Psilosiphonaceae,Psilosiphon,Psilosiphon scoparius
OTU1215,Eukaryota,Arthropoda,,,,,
OTU1216,Eukaryota,,,,,,
OTU1217,Eukaryota,,,,,,
OTU1218,Eukaryota,,,,,,
OTU1219,Eukaryota,,,,,,
OTU122,Eukaryota,,,,,,
OTU1220,Eukaryota,,,,,,
OTU1221,Eukaryota,,,,,,
OTU1222,Eukaryota,,,,,,
OTU1223,Eukaryota,,Phaeophyceae,,,,
OTU1224,Eukaryota,,,,,,
OTU1225,Eukaryota,,,,,,
OTU1226,Eukaryota,,,,,,
OTU1227,Eukaryota,,,,,,
OTU1228,Eukaryota,,,,,,
OTU1229,Eukaryota,Rotifera,Eurotatoria,,,Rotaria,
OTU123,Eukaryota,Oomycota,,Myzocytiopsidales,Myzocytiopsidaceae,Chlamydomyzium,Chlamydomyzium_anomalum
OTU1230,Eukaryota,Discosea,Flabellinia,,Vannellidae,Ripella,
OTU1231,Eukaryota,,,,,,
OTU1232,Eukaryota,,,,,,
OTU1233,Eukaryota,,,,,,
OTU1234,Eukaryota,,,,,,
OTU1235,Eukaryota,,,,,,
OTU1236,Eukaryota,,,,,,
OTU1237,Eukaryota,,,,,,
OTU1238,Eukaryota,,,,,,
OTU1239,Eukaryota,,,,,,
OTU124,Eukaryota,Ascomycota,Eurotiomycetes,,,,
OTU1240,Eukaryota,,,,,,
OTU1241,Eukaryota,,,,,,
OTU1242,Eukaryota,,,,,,
OTU1243,Eukaryota,,,,,,
OTU1244,Eukaryota,,,,,,
OTU1245,Eukaryota,,,,,,
OTU1246,Eukaryota,Oomycota,,Pythiales,Pythiaceae,Pythium,
OTU1247,Eukaryota,,,,,,
OTU1248,Eukaryota,,,,,,
OTU1249,Eukaryota,,,,,,
OTU125,Eukaryota,,,,,,
OTU1250,Eukaryota,,,,,,
OTU1251,Eukaryota,,,,,,
OTU1252,Eukaryota,,,,,,
OTU1253,Eukaryota,,,,,,
OTU1254,Eukaryota,,,,,,
OTU1255,Eukaryota,,,,,,
OTU1256,Eukaryota,,,,,,
OTU1257,Eukaryota,,,,,,
OTU1258,Eukaryota,,,,,,
OTU1259,Eukaryota,,,,,,
OTU126,Eukaryota,,,,,,
OTU1260,Eukaryota,,,,,,
OTU1261,Eukaryota,,,,,,
OTU1262,Eukaryota,,,,,,
OTU1263,Eukaryota,,,,,,
OTU1264,Eukaryota,,,,,,
OTU1265,Eukaryota,,,,,,
OTU1266,Eukaryota,,,,,,
OTU1267,Eukaryota,,,,,,
OTU1268,Eukaryota,,,,,,
OTU1269,Eukaryota,,,,,,
OTU127,Eukaryota,,,,,,
OTU1270,Eukaryota,,,,,,
OTU1271,Eukaryota,,,,,,
OTU1272,Eukaryota,,,,,,
OTU1273,Eukaryota,Rhodophyta,Florideophyceae,Ceramiales,Rhodomelaceae,Ophidocladus,Ophidocladus simpliciusculus
OTU1274,Eukaryota,,,,,,
OTU1275,Eukaryota,,,,,,
OTU1276,Eukaryota,,,,,,
OTU1277,Eukaryota,,,,,,
OTU1278,Eukaryota,,,,,,
OTU1279,Eukaryota,,,,,,
OTU128,Eukaryota,,,,,,
OTU1280,Eukaryota,Oomycota,,Peronosporales,Peronosporaceae,Phytophthora,
OTU1281,Eukaryota,,,,,,
OTU1282,Eukaryota,,,,,,
OTU1283,Eukaryota,,,,,,
OTU1284,Eukaryota,,,,,,
OTU1285,Eukaryota,,,,,,
OTU1286,Eukaryota,,,,,,
OTU1287,Eukaryota,,,,,,
OTU1288,Eukaryota,,,,,,
OTU1289,Eukaryota,,,,,,
OTU129,Eukaryota,Oomycota,,Pythiales,Pythiaceae,Pythium,
OTU1290,Eukaryota,,,,,,
OTU1291,Eukaryota,,,,,,
OTU1292,Eukaryota,,,,,,
OTU1293,Eukaryota,,,,,,
OTU1294,Eukaryota,Nemertea,Enopla,Monostilifera,,,
OTU1295,Eukaryota,,,,,,
OTU1296,Eukaryota,,,,,,
OTU1297,Eukaryota,,,,,,
OTU1298,Eukaryota,,,,,,
OTU1299,Eukaryota,,,,,,
OTU13,Eukaryota,Oomycota,,Pythiales,Pythiaceae,,
OTU130,Eukaryota,,,,,,
OTU1300,Eukaryota,,,,,,
OTU1301,Eukaryota,Bacillariophyta,Bacillariophyceae,Bacillariales,Bacillariaceae,Nitzschia,Nitzschia palea
OTU1302,Eukaryota,,,,,,
OTU1303,Eukaryota,,,,,,
OTU1304,Eukaryota,,,,,,
OTU1305,Eukaryota,,,,,,
OTU1306,Eukaryota,,,,,,
OTU1307,Eukaryota,,,,,,
OTU1308,Eukaryota,,,,,,
OTU1309,Eukaryota,Arthropoda,,,,,
OTU131,Eukaryota,,,,,,
OTU1310,Eukaryota,,,,,,
OTU1311,Eukaryota,Oomycota,,Pythiales,Pythiaceae,Pythium,
OTU1312,Eukaryota,,,,,,
OTU1313,Eukaryota,,,,,,
OTU1314,Eukaryota,,,,,,
OTU1315,Eukaryota,,,,,,
OTU1316,Eukaryota,,,,,,
OTU1317,Eukaryota,,,,,,
OTU1318,Eukaryota,,,,,,
OTU1319,Eukaryota,,,,,,
OTU132,Eukaryota,,,,,,
OTU1320,Eukaryota,Oomycota,,Pythiales,Pythiaceae,Pythium,
OTU1321,Eukaryota,,,,,,
OTU1322,Eukaryota,,,,,,
OTU1323,Eukaryota,,,,,,
OTU1324,Eukaryota,,,,,,
OTU1325,Eukaryota,,,,,,
OTU1326,Eukaryota,,,,,,
OTU1327,Eukaryota,Arthropoda,Insecta,Hemiptera,,,
OTU1328,Eukaryota,Oomycota,,Saprolegniales,Saprolegniaceae,Saprolegnia,Saprolegnia_turfosa
OTU1329,Eukaryota,,,,,,
OTU133,Eukaryota,,,,,,
OTU1330,Eukaryota,Arthropoda,,,,,
OTU1331,Eukaryota,,,,,,
OTU1332,Eukaryota,,,,,,
OTU1333,Eukaryota,,,,,,
OTU1334,Eukaryota,,,,,,
OTU1335,Eukaryota,,,,,,
OTU1336,Eukaryota,Bacillariophyta,Bacillariophyceae,Bacillariales,Bacillariaceae,Nitzschia,Nitzschia palea
OTU1337,Eukaryota,,,,,,
OTU1338,Eukaryota,,,,,,
OTU1339,Eukaryota,Oomycota,,,,,
OTU134,Eukaryota,,,,,,
OTU1340,Eukaryota,,,,,,
OTU1341,Eukaryota,,,,,,
OTU1342,Eukaryota,,,,,,
OTU1343,Eukaryota,Basidiomycota,Agaricomycetes,Agaricales,,,
OTU1344,Eukaryota,,,,,,
OTU1345,Eukaryota,,,,,,
OTU1346,Eukaryota,,,,,,
OTU1347,Eukaryota,,,,,,
OTU1348,Eukaryota,,,,,,
OTU1349,Eukaryota,,,,,,
OTU135,Eukaryota,,,,,,
OTU1350,Eukaryota,Oomycota,,Pythiales,Pythiaceae,Pythium,Pythium_grandisporangium
OTU1351,Eukaryota,,,,,,
OTU1352,Eukaryota,,,,,,
OTU1353,Eukaryota,Bacillariophyta,Coscinodiscophyceae,Thalassiosirales,Thalassiosiraceae,Thalassiosira,Thalassiosira pseudonana
OTU1354,Eukaryota,Annelida,Clitellata,Tubificida,Naididae,Nais,
OTU1355,Eukaryota,,,,,,
OTU1356,Eukaryota,,,,,,
OTU1357,Eukaryota,,,,,,
OTU1358,Eukaryota,,,,,,
OTU1359,Eukaryota,,,,,,
OTU136,Eukaryota,,,,,,
OTU1360,Eukaryota,,,,,,
OTU1361,Eukaryota,Arthropoda,Malacostraca,Tanaidacea,Apseudidae,Hoplomachus,Hoplomachus propinquus
OTU1362,Eukaryota,,,,,,
OTU1363,Eukaryota,,,,,,
OTU1364,Eukaryota,,,,,,
OTU1365,Eukaryota,,,,,,
OTU1366,Eukaryota,,,,,,
OTU1367,Eukaryota,,,,,,
OTU1368,Eukaryota,Rhodophyta,Florideophyceae,,,,
OTU1369,Eukaryota,,,,,,
OTU137,Eukaryota,,,,,,
OTU1370,Eukaryota,,,,,,
OTU1371,Eukaryota,,,,,,
OTU1372,Eukaryota,Arthropoda,,,,,
OTU1373,Eukaryota,,,,,,
OTU1374,Eukaryota,,,,,,
OTU1375,Eukaryota,Arthropoda,Insecta,Lepidoptera,,,
OTU1376,Eukaryota,,,,,,
OTU1377,Eukaryota,,,,,,
OTU1378,Eukaryota,,,,,,
OTU1379,Eukaryota,Rhodophyta,Florideophyceae,,,,
OTU138,Eukaryota,,,,,,
OTU1380,Eukaryota,Rhodophyta,Florideophyceae,,,,
OTU1381,Eukaryota,,,,,,
OTU1382,Eukaryota,,,,,,
OTU1383,Eukaryota,,,,,,
OTU1384,Eukaryota,,,,,,
OTU1385,Eukaryota,,,,,,
OTU1386,Eukaryota,,,,,,
OTU1387,Eukaryota,,,,,,
OTU1388,Eukaryota,,,,,,
OTU1389,Eukaryota,,,,,,
OTU139,Eukaryota,Oomycota,,Pythiales,Pythiaceae,Pythium,
OTU1390,Eukaryota,,,,,,
OTU1391,Eukaryota,,,,,,
OTU1392,Eukaryota,,,,,,
OTU1393,Eukaryota,,,,,,
OTU1394,Eukaryota,,,,,,
OTU1395,Eukaryota,,,,,,
OTU1396,Eukaryota,,,,,,
OTU1397,Eukaryota,,,,,,
OTU1398,Eukaryota,,,,,,
OTU1399,Eukaryota,,,,,,
OTU14,Eukaryota,,,,,,
OTU140,Eukaryota,,,,,,
OTU1400,Eukaryota,,,,,,
OTU1401,Eukaryota,,,,,,
OTU1402,Eukaryota,,,,,,
OTU1403,Eukaryota,Bacillariophyta,,,,,
OTU1404,Eukaryota,Oomycota,,Saprolegniales,Saprolegniaceae,Achlya_2,
OTU1405,Eukaryota,,,,,,
OTU1406,Eukaryota,,,,,,
OTU1407,Eukaryota,,,,,,
OTU1408,Eukaryota,,,,,,
OTU1409,Eukaryota,,,,,,
OTU141,Eukaryota,,,,,,
OTU1410,Eukaryota,,,,,,
OTU1411,Eukaryota,,,,,,
OTU1412,Eukaryota,,,,,,
OTU1413,Eukaryota,,,,,,
OTU1414,Eukaryota,,,,,,
OTU1415,Eukaryota,Arthropoda,,,,,
OTU1416,Eukaryota,,,,,,
OTU1417,Eukaryota,Rhodophyta,Florideophyceae,Ceramiales,Wrangeliaceae,Lophothamnion,Lophothamnion comatum
OTU1418,Eukaryota,,,,,,
OTU1419,Eukaryota,,,,,,
OTU142,Eukaryota,,,,,,
OTU1420,Eukaryota,Bacillariophyta,Bacillariophyceae,Bacillariales,Bacillariaceae,Nitzschia,
OTU1421,Eukaryota,,,,,,
OTU1422,Eukaryota,Arthropoda,,,,,
OTU1423,Eukaryota,,,,,,
OTU1424,Eukaryota,,,,,,
OTU1425,Eukaryota,,,,,,
OTU1426,Eukaryota,,,,,,
OTU1427,Eukaryota,,,,,,
OTU1428,Eukaryota,,,,,,
OTU1429,Eukaryota,,,,,,
OTU143,Eukaryota,Bacillariophyta,Mediophyceae,,,,
OTU1430,Eukaryota,,,,,,
OTU1431,Eukaryota,,,,,,
OTU1432,Eukaryota,,,,,,
OTU1433,Eukaryota,,,,,,
OTU1434,Eukaryota,,,,,,
OTU1435,Eukaryota,,,,,,
OTU1436,Eukaryota,,,,,,
OTU1437,Eukaryota,,,,,,
OTU1438,Eukaryota,,,,,,
OTU1439,Eukaryota,Oomycota,,,,,
OTU144,Eukaryota,,,,,,
OTU1440,Eukaryota,,,,,,
OTU1441,Eukaryota,,,,,,
OTU1442,Eukaryota,,,,,,
OTU1443,Eukaryota,,,,,,
OTU1444,Eukaryota,,,,,,
OTU1445,Eukaryota,,,,,,
OTU1446,Eukaryota,,,,,,
OTU1447,Eukaryota,,,,,,
OTU1448,Eukaryota,,,,,,
OTU1449,Eukaryota,,,,,,
OTU145,Eukaryota,,,,,,
OTU1450,Eukaryota,,,,,,
OTU1451,Eukaryota,,,,,,
OTU1452,Eukaryota,,,,,,
OTU1453,Eukaryota,,,,,,
OTU1454,Eukaryota,,,,,,
OTU1455,Eukaryota,,,,,,
OTU1456,Eukaryota,Oomycota,,,,,
OTU1457,Eukaryota,,,,,,
OTU1458,Eukaryota,,,,,,
OTU1459,Eukaryota,,,,,,
OTU146,Eukaryota,,,,,,
OTU1460,Eukaryota,,,,,,
OTU1461,Eukaryota,,,,,,
OTU1462,Eukaryota,,,,,,
OTU1463,Eukaryota,Rhodophyta,Florideophyceae,,,,
OTU1464,Eukaryota,,,,,,
OTU1465,Eukaryota,,,,,,
OTU1466,Eukaryota,Rhodophyta,Florideophyceae,Ceramiales,Rhodomelaceae,Lenormandia,
OTU1467,Eukaryota,Oomycota,,,,,
OTU1468,Eukaryota,,,,,,
OTU1469,Eukaryota,,,,,,
OTU147,Eukaryota,Oomycota,,Pythiales,Pythiaceae,Pythium,
OTU1470,Eukaryota,,,,,,
OTU1471,Eukaryota,,,,,,
OTU1472,Eukaryota,,,,,,
OTU1473,Eukaryota,,,,,,
OTU1474,Eukaryota,Bacillariophyta,Bacillariophyceae,Bacillariales,Bacillariaceae,Nitzschia,Nitzschia supralitorea
OTU1475,Eukaryota,,,,,,
OTU1476,Eukaryota,,,,,,
OTU1477,Eukaryota,,,,,,
OTU1478,Eukaryota,,,,,,
OTU1479,Eukaryota,,,,,,
OTU148,Eukaryota,,,,,,
OTU1480,Eukaryota,Ascomycota,,,,,
OTU1481,Eukaryota,,,,,,
OTU1482,Eukaryota,,,,,,
OTU1483,Eukaryota,Rhodophyta,Florideophyceae,,,,
OTU1484,Eukaryota,Arthropoda,Arachnida,Araneae,,,
OTU1485,Eukaryota,Cnidaria,Anthozoa,Actiniaria,Actiniidae,,
OTU1486,Eukaryota,,,,,,
OTU1487,Eukaryota,,,,,,
OTU1488,Eukaryota,,,,,,
OTU1489,Eukaryota,,,,,,
OTU149,Eukaryota,,,,,,
OTU1490,Eukaryota,Bacillariophyta,Bacillariophyceae,Bacillariales,Bacillariaceae,Nitzschia,Nitzschia supralitorea
OTU1491,Eukaryota,Rhodophyta,Florideophyceae,Gigartinales,Solieriaceae,,
OTU1492,Eukaryota,,,,,,
OTU1493,Eukaryota,,,,,,
OTU1494,Eukaryota,,,,,,
OTU1495,Eukaryota,,,,,,
OTU1496,Eukaryota,,,,,,
OTU1497,Eukaryota,Bacillariophyta,Bacillariophyceae,Bacillariales,Bacillariaceae,Nitzschia,Nitzschia palea
OTU1498,Eukaryota,,,,,,
OTU1499,Eukaryota,,,,,,
OTU15,Eukaryota,Arthropoda,,,,,
OTU150,Eukaryota,,,,,,
OTU1500,Eukaryota,,,,,,
OTU1501,Eukaryota,,,,,,
OTU1502,Eukaryota,,,,,,
OTU1503,Eukaryota,Basidiomycota,Agaricomycetes,Boletales,Paxillaceae,Paxillus,Paxillus involutus
OTU1504,Eukaryota,Arthropoda,,,,,
OTU1505,Eukaryota,,,,,,
OTU1506,Eukaryota,,,,,,
OTU1507,Eukaryota,,,,,,
OTU1508,Eukaryota,,,,,,
OTU1509,Eukaryota,Rhodophyta,Florideophyceae,Gigartinales,Solieriaceae,,
OTU151,Eukaryota,,,,,,
OTU1510,Eukaryota,,,,,,
OTU1511,Eukaryota,,,,,,
OTU1512,Eukaryota,,,,,,
OTU1513,Eukaryota,Oomycota,,Peronosporales,Peronosporaceae,,
OTU1514,Eukaryota,,,,,,
OTU1515,Eukaryota,Platyhelminthes,Rhabditophora,Macrostomida,Macrostomidae,Macrostomum,Macrostomum pseudosinense
OTU1516,Eukaryota,,,,,,
OTU1517,Eukaryota,,,,,,
OTU1518,Eukaryota,Oomycota,,Pythiales,Pythiaceae,Pythium,
OTU1519,Eukaryota,Oomycota,,,,,
OTU152,Eukaryota,Mollusca,Gastropoda,Stylommatophora,Dyakiidae,Rhinocochlis,Rhinocochlis nasuta
OTU1520,Eukaryota,,,,,,
OTU1521,Eukaryota,,,,,,
OTU1522,Eukaryota,,,,,,
OTU1523,Eukaryota,,,,,,
OTU1524,Eukaryota,,,,,,
OTU1525,Eukaryota,,,,,,
OTU1526,Eukaryota,Rhodophyta,Florideophyceae,,,,
OTU1527,Eukaryota,,,,,,
OTU1528,Eukaryota,,,,,,
OTU1529,Eukaryota,Arthropoda,,,,,
OTU153,Eukaryota,Oomycota,,Pythiales,Pythiaceae,Pythium,
OTU1530,Eukaryota,,,,,,
OTU1531,Eukaryota,Rhodophyta,Florideophyceae,,,,
OTU1532,Eukaryota,,,,,,
OTU1533,Eukaryota,,,,,,
OTU1534,Eukaryota,,,,,,
OTU1535,Eukaryota,,,,,,
OTU1536,Eukaryota,,,,,,
OTU1537,Eukaryota,,,,,,
OTU1538,Eukaryota,,,,,,
OTU1539,Eukaryota,Oomycota,,,,,
OTU154,Eukaryota,,,,,,
OTU1540,Eukaryota,,,,,,
OTU1541,Eukaryota,,,,,,
OTU1542,Eukaryota,,,,,,
OTU1543,Eukaryota,Discosea,Himatismenida,,,Parvamoeba,Parvamoeba_rugata
OTU1544,Eukaryota,,,,,,
OTU1545,Eukaryota,,,,,,
OTU1546,Eukaryota,Oomycota,,Myzocytiopsidales,Myzocytiopsidaceae,Chlamydomyzium,Chlamydomyzium_anomalum
OTU1547,Eukaryota,,,,,,
OTU1548,Eukaryota,,,,,,
OTU1549,Eukaryota,,,,,,
OTU155,Eukaryota,,,,,,
OTU1550,Eukaryota,,,,,,
OTU1551,Eukaryota,,,,,,
OTU1552,Eukaryota,Arthropoda,Insecta,Hemiptera,,,
OTU1553,Eukaryota,,,,,,
OTU1554,Eukaryota,,,,,,
OTU1555,Eukaryota,,,,,,
OTU1556,Eukaryota,,,,,,
OTU1557,Eukaryota,,,,,,
OTU1558,Eukaryota,,,,,,
OTU1559,Eukaryota,,,,,,
OTU156,Eukaryota,,,,,,
OTU1560,Eukaryota,,,,,,
OTU1561,Eukaryota,,,,,,
OTU1562,Eukaryota,Oomycota,,Peronosporales,Peronosporaceae,Phytophthora,Phytophthora_versiformis
OTU1563,Eukaryota,,,,,,
OTU1564,Eukaryota,,,,,,
OTU1565,Eukaryota,,,,,,
OTU1566,Eukaryota,,,,,,
OTU1567,Eukaryota,,,,,,
OTU1568,Eukaryota,,,,,,
OTU1569,Eukaryota,,,,,,
OTU157,Eukaryota,Oomycota,,Pythiales,Pythiaceae,Pythium,
OTU1570,Eukaryota,,,,,,
OTU1571,Eukaryota,,,,,,
OTU1572,Eukaryota,,,,,,
OTU1573,Eukaryota,,,,,,
OTU1574,Eukaryota,,,,,,
OTU1575,Eukaryota,,,,,,
OTU1576,Eukaryota,,,,,,
OTU1577,Eukaryota,,,,,,
OTU1578,Eukaryota,,,,,,
OTU1579,Eukaryota,,,,,,
OTU158,Eukaryota,,,,,,
OTU1580,Eukaryota,,,,,,
OTU1581,Eukaryota,,,,,,
OTU1582,Eukaryota,Mollusca,,,,,
OTU1583,Eukaryota,,,,,,
OTU1584,Eukaryota,,,,,,
OTU1585,Eukaryota,,,,,,
OTU1586,Eukaryota,,,,,,
OTU1587,Eukaryota,,,,,,
OTU1588,Eukaryota,Rhodophyta,Florideophyceae,,,,
OTU1589,Eukaryota,Oomycota,,Peronosporales,Peronosporaceae,Hyaloperonospora,Hyaloperonospora_cardaminesenneaphyllos
OTU159,Eukaryota,,,,,,
OTU1590,Eukaryota,,,,,,
OTU1591,Eukaryota,Basidiomycota,Agaricomycetes,,,,
OTU1592,Eukaryota,,,,,,
OTU1593,Eukaryota,,,,,,
OTU1594,Eukaryota,,,,,,
OTU1595,Eukaryota,,,,,,
OTU1596,Eukaryota,,,,,,
OTU1597,Eukaryota,,,,,,
OTU1598,Eukaryota,,,,,,
OTU1599,Eukaryota,,,,,,
OTU16,Eukaryota,Streptophyta,Magnoliopsida,,,,
OTU160,Eukaryota,,,,,,
OTU1600,Eukaryota,Bacillariophyta,,,,,
OTU1601,Eukaryota,,,,,,
OTU1602,Eukaryota,,,,,,
OTU1603,Eukaryota,,,,,,
OTU1604,Eukaryota,,,,,,
OTU1605,Eukaryota,,,,,,
OTU1606,Eukaryota,,,,,,
OTU1607,Eukaryota,,,,,,
OTU1608,Eukaryota,,,,,,
OTU1609,Eukaryota,,,,,,
OTU161,Eukaryota,,,,,,
OTU1610,Eukaryota,,,,,,
OTU1611,Eukaryota,,,,,,
OTU1612,Eukaryota,,,,,,
OTU1613,Eukaryota,,,,,,
OTU1614,Eukaryota,,,,,,
OTU1615,Eukaryota,,,,,,
OTU1616,Eukaryota,,,,,,
OTU1617,Eukaryota,,,,,,
OTU1618,Eukaryota,,,,,,
OTU1619,Eukaryota,,,,,,
OTU162,Eukaryota,Chordata,Actinopteri,Cypriniformes,Xenocyprididae,,
OTU1620,Eukaryota,,,,,,
OTU1621,Eukaryota,,,,,,
OTU1622,Eukaryota,,,,,,
OTU1623,Eukaryota,Basidiomycota,Agaricomycetes,Agaricales,Marasmiaceae,Marasmius,Marasmius crinisequi
OTU1624,Eukaryota,,,,,,
OTU1625,Eukaryota,,,,,,
OTU1626,Eukaryota,,,,,,
OTU1627,Eukaryota,,,,,Chrysoparadoxa,Chrysoparadoxa_australica
OTU1628,Eukaryota,,,,,,
OTU1629,Eukaryota,,,,,,
OTU163,Eukaryota,,,,,,
OTU1630,Eukaryota,Arthropoda,,,,,
OTU1631,Eukaryota,,,,,,
OTU1632,Eukaryota,Arthropoda,,,,,
OTU1633,Eukaryota,Streptophyta,Magnoliopsida,,,,
OTU1634,Eukaryota,Oomycota,,Peronosporales,Peronosporaceae,Pseudoperonospora,
OTU1635,Eukaryota,,,,,,
OTU1636,Eukaryota,,,,,,
OTU1637,Eukaryota,,,,,,
OTU1638,Eukaryota,,,,,,
OTU1639,Eukaryota,,,,,,
OTU164,Eukaryota,,,,,,
OTU1640,Eukaryota,,,,,,
OTU1641,Eukaryota,Oomycota,,,,,
OTU1642,Eukaryota,Arthropoda,,,,,
OTU1643,Eukaryota,,,,,,
OTU1644,Eukaryota,,,,,,
OTU1645,Eukaryota,,,,,,
OTU1646,Eukaryota,,,,,,
OTU1647,Eukaryota,,,,,,
OTU1648,Eukaryota,,,,,,
OTU1649,Eukaryota,Rhodophyta,Florideophyceae,,,,
OTU165,Eukaryota,Oomycota,,,,,
OTU1650,Eukaryota,,,,,,
OTU1651,Eukaryota,,,,,,
OTU1652,Eukaryota,,,,,,
OTU1653,Eukaryota,,,,,,
OTU1654,Eukaryota,,,,,,
OTU1655,Eukaryota,Chlorophyta,Trebouxiophyceae,Chlorellales,Chlorellaceae,Chlorella,Chlorella heliozoae
OTU1656,Eukaryota,,,,,,
OTU1657,Eukaryota,,,,,,
OTU1658,Eukaryota,Ascomycota,Eurotiomycetes,Eurotiales,Aspergillaceae,Penicillium,
OTU1659,Eukaryota,Arthropoda,Insecta,,,,
OTU166,Eukaryota,,,,,,
OTU1660,Eukaryota,,,,,,
OTU1661,Eukaryota,,,,,,
OTU1662,Eukaryota,,,,,,
OTU1663,Eukaryota,,,,,,
OTU1664,Eukaryota,,,,,,
OTU1665,Eukaryota,,,,,,
OTU1666,Eukaryota,,,,,,
OTU1667,Eukaryota,,,,,,
OTU1668,Eukaryota,,,,,,
OTU1669,Eukaryota,,,,,,
OTU167,Eukaryota,,,,,,
OTU1670,Eukaryota,,,,,,
OTU1671,Eukaryota,,,,,,
OTU1672,Eukaryota,,,,,,
OTU1673,Eukaryota,,,,,,
OTU1674,Eukaryota,,,,,,
OTU1675,Eukaryota,,,,,,
OTU1676,Eukaryota,,,,,,
OTU1677,Eukaryota,,,,,,
OTU1678,Eukaryota,,,,,,
OTU1679,Eukaryota,,,,,,
OTU168,Eukaryota,,,,,,
OTU1680,Eukaryota,,,,,,
OTU1681,Eukaryota,,,,,,
OTU1682,Eukaryota,,,,,,
OTU1683,Eukaryota,,,,,,
OTU1684,Eukaryota,,,,,,
OTU1685,Eukaryota,,,,,,
OTU1686,Eukaryota,,,,,,
OTU1687,Eukaryota,Arthropoda,,,,,
OTU1688,Eukaryota,,,,,,
OTU1689,Eukaryota,,,,,,
OTU169,Eukaryota,,,,,,
OTU1690,Eukaryota,,,,,,
OTU1691,Eukaryota,,,,,,
OTU1692,Eukaryota,,,,,,
OTU1693,Eukaryota,,,,,,
OTU1694,Eukaryota,Rhodophyta,Florideophyceae,,,,
OTU1695,Eukaryota,,,,,,
OTU1696,Eukaryota,,,,,,
OTU1697,Eukaryota,,,,,,
OTU1698,Eukaryota,,,,,,
OTU1699,Eukaryota,,,,,,
OTU17,Eukaryota,,,,,,
OTU170,Eukaryota,,,,,,
OTU1700,Eukaryota,,,,,,
OTU1701,Eukaryota,,,,,,
OTU1702,Eukaryota,Arthropoda,,,,,
OTU1703,Eukaryota,,,,,,
OTU1704,Eukaryota,,,,,,
OTU1705,Eukaryota,,,,,,
OTU1706,Eukaryota,,,,,,
OTU1707,Eukaryota,,,,,,
OTU1708,Eukaryota,,,,,,
OTU1709,Eukaryota,,,,,,
OTU171,Eukaryota,Oomycota,,Saprolegniales,Saprolegniaceae,,
OTU1710,Eukaryota,,,,,,
OTU1711,Eukaryota,,,,,,
OTU1712,Eukaryota,,,,,,
OTU1713,Eukaryota,,,,,,
OTU1714,Eukaryota,,,,,,
OTU1715,Eukaryota,,,,,,
OTU1716,Eukaryota,,,,,,
OTU1717,Eukaryota,,,,,,
OTU1718,Eukaryota,Arthropoda,Insecta,,,,
OTU1719,Eukaryota,,,,,,
OTU172,Eukaryota,,,,,,
OTU1720,Eukaryota,,,,,,
OTU1721,Eukaryota,,,,,,
OTU1722,Eukaryota,Oomycota,,Peronosporales,Peronosporaceae,,
OTU1723,Eukaryota,,,,,,
OTU1724,Eukaryota,,,,,,
OTU1725,Eukaryota,,,,,,
OTU1726,Eukaryota,,,,,,
OTU1727,Eukaryota,Discosea,Flabellinia,,Vannellidae,Vannella,
OTU1728,Eukaryota,,,,,,
OTU1729,Eukaryota,,,,,,
OTU173,Eukaryota,Evosea,Eumycetozoa,Stemonitida,Stemonitidae,Stemonitis,Stemonitis flavogenita
OTU1730,Eukaryota,,,,,,
OTU1731,Eukaryota,,,,,,
OTU1732,Eukaryota,Rhodophyta,Florideophyceae,,,,
OTU1733,Eukaryota,,,,,,
OTU1734,Eukaryota,,,,,,
OTU1735,Eukaryota,,,,,,
OTU1736,Eukaryota,,,,,,
OTU1737,Eukaryota,,,,,,
OTU1738,Eukaryota,Arthropoda,Arachnida,Trombidiformes,Eriophyidae,,
OTU1739,Eukaryota,,,,,,
OTU174,Eukaryota,,,,,,
OTU1740,Eukaryota,,,,,,
OTU1741,Eukaryota,,,,,,
OTU1742,Eukaryota,,,,,,
OTU1743,Eukaryota,,,,,,
OTU1744,Eukaryota,Rhodophyta,Florideophyceae,,,,
OTU1745,Eukaryota,,,,,,
OTU1746,Eukaryota,,,,,,
OTU1747,Eukaryota,Arthropoda,,,,,
OTU1748,Eukaryota,,,,,,
OTU1749,Eukaryota,,,,,,
OTU175,Eukaryota,,,,,,
OTU1750,Eukaryota,,,,,,
OTU1751,Eukaryota,,,,,,
OTU1752,Eukaryota,,,,,,
OTU1753,Eukaryota,,,,,,
OTU1754,Eukaryota,Basidiomycota,Agaricomycetes,,,,
OTU1755,Eukaryota,,Phaeophyceae,Ectocarpales,Scytosiphonaceae,Rosenvingea,Rosenvingea_intricata
OTU1756,Eukaryota,,,,,,
OTU1757,Eukaryota,Chlorophyta,,,Pycnococcaceae,Pycnococcus,Pycnococcus_provasolii
OTU1758,Eukaryota,Chordata,Actinopteri,Perciformes,Sebastidae,Sebastes,
OTU1759,Eukaryota,,,,,,
OTU176,Eukaryota,,,,,,
OTU1760,Eukaryota,Oomycota,,,,,
OTU1761,Eukaryota,,,,,,
OTU1762,Eukaryota,,,,,,
OTU1763,Eukaryota,,,,,,
OTU1764,Eukaryota,,,,,,
OTU1765,Eukaryota,,,,,,
OTU1766,Eukaryota,Rhodophyta,Florideophyceae,,,,
OTU1767,Eukaryota,,,,,,
OTU1768,Eukaryota,,,,,,
OTU1769,Eukaryota,,,,,,
OTU177,Eukaryota,,,,,,
OTU1770,Eukaryota,,,,,,
OTU1771,Eukaryota,,,,,,
OTU1772,Eukaryota,,,,,,
OTU1773,Eukaryota,,,,,,
OTU1774,Eukaryota,,,,,,
OTU1775,Eukaryota,,,,,,
OTU1776,Eukaryota,,,,,,
OTU1777,Eukaryota,,,,,,
OTU1778,Eukaryota,,,,,,
OTU1779,Eukaryota,,,,,,
OTU178,Eukaryota,,,,,,
OTU1780,Eukaryota,Arthropoda,Insecta,Hemiptera,Aphididae,,
OTU1781,Eukaryota,,,,,,
OTU1782,Eukaryota,Arthropoda,Insecta,,,,
OTU1783,Eukaryota,,,,,,
OTU1784,Eukaryota,,,,,,
OTU1785,Eukaryota,,,,,,
OTU1786,Eukaryota,,,,,,
OTU1787,Eukaryota,,,,,,
OTU1788,Eukaryota,,,,,,
OTU1789,Eukaryota,,,,,,
OTU179,Eukaryota,,,,,,
OTU1790,Eukaryota,,,,,,
OTU1791,Eukaryota,,,,,,
OTU1792,Eukaryota,,,,,,
OTU1793,Eukaryota,,,,,,
OTU1794,Eukaryota,,,,,,
OTU1795,Eukaryota,,,,,,
OTU1796,Eukaryota,,,,,,
OTU1797,Eukaryota,Oomycota,,Pythiales,Pythiaceae,Salispina,Salispina_spinosa
OTU1798,Eukaryota,,,,,,
OTU1799,Eukaryota,,,,,,
OTU18,Eukaryota,,,,,,
OTU180,Eukaryota,,,,,,
OTU1800,Eukaryota,,,,,,
OTU1801,Eukaryota,,,,,,
OTU1802,Eukaryota,,,,,,
OTU1803,Eukaryota,,,,,,
OTU1804,Eukaryota,,,,,,
OTU1805,Eukaryota,Arthropoda,Malacostraca,Cumacea,Nannastacidae,Campylaspis,Campylaspis horrida
OTU1806,Eukaryota,,,,,,
OTU1807,Eukaryota,,,,,,
OTU1808,Eukaryota,,,,,,
OTU1809,Eukaryota,,,,,,
OTU181,Eukaryota,,,,,,
OTU1810,Eukaryota,,,,,,
OTU1811,Eukaryota,,,,,,
OTU1812,Eukaryota,,,,,,
OTU1813,Eukaryota,,,,,,
OTU1814,Eukaryota,,,,,,
OTU1815,Eukaryota,,,,,,
OTU1816,Eukaryota,Oomycota,,Pythiales,Pythiaceae,Globisporangium,
OTU1817,Eukaryota,,,,,,
OTU1818,Eukaryota,,,,,,
OTU1819,Eukaryota,,,,,,
OTU182,Eukaryota,,,,,,
OTU1820,Eukaryota,Arthropoda,,,,,
OTU1821,Eukaryota,,,,,,
OTU1822,Eukaryota,,,,,,
OTU1823,Eukaryota,Arthropoda,,,,,
OTU1824,Eukaryota,Streptophyta,Magnoliopsida,Lamiales,Lentibulariaceae,Utricularia,
OTU1825,Eukaryota,Oomycota,,Pythiales,Pythiaceae,,
OTU1826,Eukaryota,,,,,,
OTU1827,Eukaryota,,,,,,
OTU1828,Eukaryota,Rotifera,Eurotatoria,Ploima,Synchaetidae,Polyarthra,Polyarthra remata
OTU1829,Eukaryota,,,,,,
OTU183,Eukaryota,,Raphidophyceae,Chattonellales,Chattonellaceae,Chattonella,
OTU1830,Eukaryota,,,,,,
OTU1831,Eukaryota,,,,,,
OTU1832,Eukaryota,,,,,,
OTU1833,Eukaryota,,,,,,
OTU1834,Eukaryota,,,,,,
OTU1835,Eukaryota,,,,,,
OTU1836,Eukaryota,,,,,,
OTU1837,Eukaryota,,,,,,
OTU1838,Eukaryota,Rhodophyta,Florideophyceae,,,,
OTU1839,Eukaryota,,,,,,
OTU184,Eukaryota,,,,,,
OTU1840,Eukaryota,Arthropoda,,,,,
OTU1841,Eukaryota,,,,,,
OTU1842,Eukaryota,,,,,,
OTU1843,Eukaryota,,,,,,
OTU1844,Eukaryota,,,,,,
OTU1845,Eukaryota,,,,,,
OTU1846,Eukaryota,Mollusca,Gastropoda,,Planorbidae,Gyraulus,
OTU1847,Eukaryota,Oomycota,,Pythiales,Pythiaceae,,
OTU1848,Eukaryota,,,,,,
OTU1849,Eukaryota,,,,,,
OTU185,Eukaryota,,,,,,
OTU1850,Eukaryota,,,,,,
OTU1851,Eukaryota,,,,,,
OTU1852,Eukaryota,Chlorophyta,Trebouxiophyceae,Chlorellales,Chlorellaceae,Prototheca,Prototheca wickerhamii
OTU1853,Eukaryota,,,,,,
OTU1854,Eukaryota,,,,,,
OTU1855,Eukaryota,,,,,,
OTU1856,Eukaryota,,,,,,
OTU1857,Eukaryota,,,,,,
OTU1858,Eukaryota,,,,,,
OTU1859,Eukaryota,,,,,,
OTU186,Eukaryota,,,,,,
OTU1860,Eukaryota,,,,,,
OTU1861,Eukaryota,,,,,,
OTU1862,Eukaryota,,,,,,
OTU1863,Eukaryota,,,,,,
OTU1864,Eukaryota,,,,,,
OTU1865,Eukaryota,,,,,,
OTU1866,Eukaryota,,,,,,
OTU1867,Eukaryota,,Synurophyceae,Ochromonadales,Ochromonadaceae,Cornospumella,Cornospumella_fuschlensis
OTU1868,Eukaryota,,,,,,
OTU1869,Eukaryota,,,,,,
OTU187,Eukaryota,,,,,,
OTU1870,Eukaryota,,,,,,
OTU1871,Eukaryota,,,,,,
OTU1872,Eukaryota,,,,,,
OTU1873,Eukaryota,,,,,,
OTU1874,Eukaryota,,,,,,
OTU1875,Eukaryota,,,,,,
OTU1876,Eukaryota,,,,,,
OTU1877,Eukaryota,,,,,,
OTU1878,Eukaryota,,,,,,
OTU1879,Eukaryota,,,,,,
OTU188,Eukaryota,Oomycota,,Saprolegniales,Saprolegniaceae,,
OTU1880,Eukaryota,,,,,,
OTU1881,Eukaryota,Bacillariophyta,Coscinodiscophyceae,Melosirales,Melosiraceae,Melosira,Melosira ambiqua
OTU1882,Eukaryota,,,,,,
OTU1883,Eukaryota,,,,,,
OTU1884,Eukaryota,,Phaeophyceae,Fucales,Sargassaceae,Gongolaria,Gongolaria_baccata
OTU1885,Eukaryota,,,,,,
OTU1886,Eukaryota,,,,,,
OTU1887,Eukaryota,Arthropoda,,,,,
OTU1888,Eukaryota,,,,,,
OTU1889,Eukaryota,,,,,,
OTU189,Eukaryota,,,,,,
OTU1890,Eukaryota,,,,,,
OTU1891,Eukaryota,Oomycota,,,,,
OTU1892,Eukaryota,,,,,,
OTU1893,Eukaryota,,,,,,
OTU1894,Eukaryota,,,,,,
OTU1895,Eukaryota,,,,,,
OTU1896,Eukaryota,Rhodophyta,Florideophyceae,Gigartinales,Solieriaceae,,
OTU1897,Eukaryota,,,,,,
OTU1898,Eukaryota,,,,,,
OTU1899,Eukaryota,Bacillariophyta,Bacillariophyceae,Bacillariales,Bacillariaceae,Nitzschia,Nitzschia palea
OTU19,Eukaryota,Arthropoda,Arachnida,Trombidiformes,Eriophyidae,Aculops,Aculops lycopersici
OTU190,Eukaryota,,,,,,
OTU1900,Eukaryota,,,,,,
OTU1901,Eukaryota,,,,,,
OTU1902,Eukaryota,Basidiomycota,Agaricomycetes,,,,
OTU1903,Eukaryota,,,,,,
OTU1904,Eukaryota,,,,,,
OTU1905,Eukaryota,,,,,,
OTU1906,Eukaryota,,,,,,
OTU1907,Eukaryota,,,,,,
OTU1908,Eukaryota,,,,,,
OTU1909,Eukaryota,,,,,,
OTU191,Eukaryota,Bacillariophyta,Bacillariophyceae,Bacillariales,Bacillariaceae,Nitzschia,Nitzschia palea
OTU1910,Eukaryota,Rhodophyta,Florideophyceae,Corallinales,Corallinaceae,Neogoniolithon,Neogoniolithon megalocystum
OTU1911,Eukaryota,,,,,,
OTU1912,Eukaryota,,,,,,
OTU1913,Eukaryota,,,,,,
OTU1914,Eukaryota,,,,,,
OTU1915,Eukaryota,Chlorophyta,Chloropicophyceae,Chloropicales,Chloropicaceae,Chloroparvula,Chloroparvula pacifica
OTU1916,Eukaryota,,,,,,
OTU1917,Eukaryota,,,,,,
OTU1918,Eukaryota,,,,,,
OTU1919,Eukaryota,Oomycota,,Pythiales,Pythiaceae,Globisporangium,
OTU192,Eukaryota,,,,,,
OTU1920,Eukaryota,,,,,,
OTU1921,Eukaryota,,,,,,
OTU1922,Eukaryota,,,,,,
OTU1923,Eukaryota,Oomycota,,,,,
OTU1924,Eukaryota,,,,,,
OTU1925,Eukaryota,,,,,,
OTU1926,Eukaryota,,,,,,
OTU1927,Eukaryota,,,,,,
OTU1928,Eukaryota,Mollusca,Gastropoda,,,,
OTU1929,Eukaryota,,,,,,
OTU193,Eukaryota,Haptophyta,,,,,
OTU1930,Eukaryota,,,,,,
OTU1931,Eukaryota,,,,,,
OTU1932,Eukaryota,,,,,,
OTU1933,Eukaryota,Chordata,,,,,
OTU1934,Eukaryota,,,,,,
OTU1935,Eukaryota,,,,,,
OTU1936,Eukaryota,,,,,,
OTU1937,Eukaryota,,,,,,
OTU1938,Eukaryota,Oomycota,,Saprolegniales,Saprolegniaceae,Saprolegnia,
OTU1939,Eukaryota,,,,,,
OTU194,Eukaryota,,,,,,
OTU1940,Eukaryota,,,,,,
OTU1941,Eukaryota,,,,,,
OTU1942,Eukaryota,,,,,,
OTU1943,Eukaryota,,,,,,
OTU1944,Eukaryota,,,,,,
OTU1945,Eukaryota,,,,,,
OTU1946,Eukaryota,,,,,,
OTU1947,Eukaryota,,,,,,
OTU1948,Eukaryota,,,,,,
OTU1949,Eukaryota,,,,,,
OTU195,Eukaryota,,,,,,
OTU1950,Eukaryota,,,,,,
OTU1951,Eukaryota,,,,,,
OTU1952,Eukaryota,,,,,,
OTU1953,Eukaryota,,,,,,
OTU1954,Eukaryota,,,,,,
OTU1955,Eukaryota,,,,,,
OTU1956,Eukaryota,,,,,,
OTU1957,Eukaryota,,,,,,
OTU1958,Eukaryota,,,,,,
OTU1959,Eukaryota,,,,,,
OTU196,Eukaryota,,,,,,
OTU1960,Eukaryota,,,,,,
OTU1961,Eukaryota,,,,,,
OTU1962,Eukaryota,,,,,,
OTU1963,Eukaryota,,,,,,
OTU1964,Eukaryota,Rhodophyta,Florideophyceae,,,,
OTU1965,Eukaryota,,,,,,
OTU1966,Eukaryota,,,,,,
OTU1967,Eukaryota,,,,,,
OTU1968,Eukaryota,,,,,,
OTU1969,Eukaryota,,,,,,
OTU197,Eukaryota,,,,,,
OTU1970,Eukaryota,,,,,,
OTU1971,Eukaryota,Annelida,Clitellata,,,,
OTU1972,Eukaryota,,,,,,
OTU1973,Eukaryota,,,,,,
OTU1974,Eukaryota,Oomycota,,,,,
OTU1975,Eukaryota,,,,,,
OTU1976,Eukaryota,,,,,,
OTU1977,Eukaryota,,,,,,
OTU1978,Eukaryota,,,,,,
OTU1979,Eukaryota,,,,,,
OTU198,Eukaryota,,,,,,
OTU1980,Eukaryota,,,,,,
OTU1981,Eukaryota,,,,,,
OTU1982,Eukaryota,Discosea,,Longamoebia,Acanthamoebidae,Acanthamoeba,Acanthamoeba_castellanii
OTU1983,Eukaryota,,,,,,
OTU1984,Eukaryota,,,,,,
OTU1985,Eukaryota,,,,,,
OTU1986,Eukaryota,Oomycota,,Pythiales,Pythiaceae,,
OTU1987,Eukaryota,,,,,,
OTU1988,Eukaryota,Arthropoda,Insecta,Hemiptera,Aphididae,Coloradoa,Coloradoa rufomaculata
OTU1989,Eukaryota,,,,,,
OTU199,Eukaryota,,,,,,
OTU1990,Eukaryota,,,,,,
OTU1991,Eukaryota,,,,,,
OTU1992,Eukaryota,,,,,,
OTU1993,Eukaryota,,Phaeophyceae,,,,
OTU1994,Eukaryota,,,,,,
OTU1995,Eukaryota,,,,,,
OTU1996,Eukaryota,,,,,,
OTU1997,Eukaryota,,,,,,
OTU1998,Eukaryota,Rotifera,Eurotatoria,,,,
OTU1999,Eukaryota,Bacillariophyta,Bacillariophyceae,Naviculales,Pinnulariaceae,Pinnularia,
OTU2,Eukaryota,Bacillariophyta,Coscinodiscophyceae,Chaetocerotales,Chaetocerotaceae,,
OTU20,Eukaryota,,,,,,
OTU200,Eukaryota,,Eustigmatophyceae,,,,
OTU2000,Eukaryota,Rhodophyta,Florideophyceae,,,,
OTU2001,Eukaryota,,,,,,
OTU2002,Eukaryota,,,,,,
OTU2003,Eukaryota,,,,,,
OTU2004,Eukaryota,,,,,,
OTU2005,Eukaryota,,,,,,
OTU2006,Eukaryota,,,,,,
OTU2007,Eukaryota,,,,,,
OTU2008,Eukaryota,,,,,,
OTU2009,Eukaryota,,,,,,
OTU201,Eukaryota,,,,,,
OTU2010,Eukaryota,,,,,,
OTU2011,Eukaryota,,,,,,
OTU2012,Eukaryota,,,,,,
OTU2013,Eukaryota,,,,,,
OTU2014,Eukaryota,Streptophyta,Magnoliopsida,,,,
OTU2015,Eukaryota,,,,,,
OTU2016,Eukaryota,Chlorophyta,Chloropicophyceae,Chloropicales,Chloropicaceae,Chloropicon,Chloropicon laureae
OTU2017,Eukaryota,,,,,,
OTU2018,Eukaryota,,,,,,
OTU2019,Eukaryota,Arthropoda,Insecta,Diptera,Chironomidae,,
OTU202,Eukaryota,,,,,,
OTU2020,Eukaryota,,,,,,
OTU2021,Eukaryota,,,,,,
OTU2022,Eukaryota,,,,,,
OTU2023,Eukaryota,Basidiomycota,Agaricomycetes,,,,
OTU2024,Eukaryota,,,,,,
OTU2025,Eukaryota,,,,,,
OTU2026,Eukaryota,Oomycota,,,,,
OTU2027,Eukaryota,,,,,,
OTU2028,Eukaryota,,,,,,
OTU2029,Eukaryota,,,,,,
OTU203,Eukaryota,,,,,,
OTU2030,Eukaryota,,,,,,
OTU2031,Eukaryota,,,,,,
OTU2032,Eukaryota,,,,,,
OTU2033,Eukaryota,,,,,,
OTU2034,Eukaryota,,,,,,
OTU2035,Eukaryota,,,,,,
OTU2036,Eukaryota,,,,,,
OTU2037,Eukaryota,,,,,,
OTU2038,Eukaryota,Chordata,,,,,
OTU2039,Eukaryota,,,,,,
OTU204,Eukaryota,,,,,,
OTU2040,Eukaryota,,,,,,
OTU2041,Eukaryota,,,,,,
OTU2042,Eukaryota,,,,,,
OTU2043,Eukaryota,,,,,,
OTU2044,Eukaryota,,,,,,
OTU2045,Eukaryota,,,,,,
OTU2046,Eukaryota,,,,,,
OTU2047,Eukaryota,,,,,,
OTU2048,Eukaryota,,,,,,
OTU2049,Eukaryota,,,,,,
OTU205,Eukaryota,,,,,,
OTU2050,Eukaryota,,,,,,
OTU2051,Eukaryota,,,,,,
OTU2052,Eukaryota,,,,,,
OTU2053,Eukaryota,,,,,,
OTU2054,Eukaryota,,,,,,
OTU2055,Eukaryota,,,,,,
OTU2056,Eukaryota,,,,,,
OTU2057,Eukaryota,,,,,,
OTU2058,Eukaryota,,,,,,
OTU2059,Eukaryota,,,,,,
OTU206,Eukaryota,,,,,,
OTU2060,Eukaryota,,,,,,
OTU2061,Eukaryota,Bacillariophyta,Bacillariophyceae,Bacillariales,Bacillariaceae,Nitzschia,Nitzschia alba
OTU2062,Eukaryota,,,,,,
OTU2063,Eukaryota,,,,,,
OTU2064,Eukaryota,,,,,,
OTU2065,Eukaryota,,,,,,
OTU2066,Eukaryota,,,,,,
OTU2067,Eukaryota,,,,,,
OTU2068,Eukaryota,,,,,,
OTU2069,Eukaryota,Oomycota,,Saprolegniales,Saprolegniaceae,,
OTU207,Eukaryota,,,,,,
OTU2070,Eukaryota,,,,,,
OTU2071,Eukaryota,,,,,,
OTU2072,Eukaryota,,,,,,
OTU2073,Eukaryota,,,,,,
OTU2074,Eukaryota,,,,,,
OTU2075,Eukaryota,,,,,,
OTU2076,Eukaryota,,,,,,
OTU2077,Eukaryota,,,,,,
OTU2078,Eukaryota,,,,,,
OTU2079,Eukaryota,,,,,,
OTU208,Eukaryota,,,,,,
OTU2080,Eukaryota,,,,,,
OTU2081,Eukaryota,,,,,,
OTU2082,Eukaryota,,,,,,
OTU2083,Eukaryota,,,,,,
OTU2084,Eukaryota,,,,,,
OTU2085,Eukaryota,,,,,,
OTU2086,Eukaryota,,,,,,
OTU2087,Eukaryota,,,,,,
OTU2088,Eukaryota,,,,,,
OTU2089,Eukaryota,,,,,,
OTU209,Eukaryota,,,,,,
OTU2090,Eukaryota,,,,,,
OTU2091,Eukaryota,,,,,,
OTU2092,Eukaryota,,,,,,
OTU2093,Eukaryota,,,,,,
OTU2094,Eukaryota,,,,,,
OTU2095,Eukaryota,,,,,,
OTU2096,Eukaryota,,,,,,
OTU2097,Eukaryota,,,,,,
OTU2098,Eukaryota,,,,,,
OTU2099,Eukaryota,,,,,,
OTU21,Eukaryota,,,,,,
OTU210,Eukaryota,,,,,,
OTU2100,Eukaryota,,,,,,
OTU2101,Eukaryota,,,,,,
OTU2102,Eukaryota,,,,,,
OTU2103,Eukaryota,Oomycota,,Pythiales,Pythiaceae,Pythium,
OTU2104,Eukaryota,,,,,,
OTU2105,Eukaryota,,,,,,
OTU2106,Eukaryota,Arthropoda,,,,,
OTU2107,Eukaryota,,,,,,
OTU2108,Eukaryota,,,,,,
OTU2109,Eukaryota,Oomycota,,Pythiales,Pythiaceae,Pythium,
OTU211,Eukaryota,Oomycota,,Pythiales,Pythiaceae,Pythium,
OTU2110,Eukaryota,,,,,,
OTU2111,Eukaryota,Mollusca,Gastropoda,,,,
OTU2112,Eukaryota,,,,,,
OTU2113,Eukaryota,Arthropoda,Collembola,Poduromorpha,,,
OTU2114,Eukaryota,,,,,,
OTU2115,Eukaryota,,,,,,
OTU2116,Eukaryota,,,,,,
OTU2117,Eukaryota,Oomycota,,,,,
OTU2118,Eukaryota,,,,,,
OTU2119,Eukaryota,,,,,,
OTU212,Eukaryota,,,,,,
OTU2120,Eukaryota,Oomycota,,Pythiales,Pythiaceae,Pythium,
OTU2121,Eukaryota,,,,,,
OTU2122,Eukaryota,,,,,,
OTU2123,Eukaryota,,,,,,
OTU2124,Eukaryota,,,,,,
OTU2125,Eukaryota,,,,,,
OTU2126,Eukaryota,,,,,,
OTU2127,Eukaryota,,,,,,
OTU2128,Eukaryota,,,,,,
OTU2129,Eukaryota,,,,,,
OTU213,Eukaryota,Oomycota,,,,,
OTU2130,Eukaryota,,,,,,
OTU2131,Eukaryota,,,,,,
OTU2132,Eukaryota,,,,,,
OTU2133,Eukaryota,,,,,,
OTU2134,Eukaryota,,,,,,
OTU2135,Eukaryota,Oomycota,,,,,
OTU2136,Eukaryota,Arthropoda,Insecta,Diptera,Psychodidae,Clogmia,Clogmia albipunctata
OTU2137,Eukaryota,,,,,,
OTU2138,Eukaryota,,,,,,
OTU2139,Eukaryota,Cnidaria,Hydrozoa,Anthoathecata,Hydridae,Hydra,Hydra vulgaris
OTU214,Eukaryota,,,,,,
OTU2140,Eukaryota,,,,,,
OTU2141,Eukaryota,,,,,,
OTU2142,Eukaryota,Chlorophyta,Chloropicophyceae,Chloropicales,Chloropicaceae,Chloropicon,Chloropicon sieburthii
OTU2143,Eukaryota,Chordata,,,,,
OTU2144,Eukaryota,,,,,,
OTU2145,Eukaryota,,,,,,
OTU2146,Eukaryota,,,,,,
OTU2147,Eukaryota,,,,,,
OTU2148,Eukaryota,,,,,,
OTU2149,Eukaryota,,,,,,
OTU215,Eukaryota,,,,,,
OTU2150,Eukaryota,,,,,,
OTU2151,Eukaryota,Discosea,,,,,
OTU2152,Eukaryota,,,,,,
OTU2153,Eukaryota,,,,,,
OTU2154,Eukaryota,,,,,,
OTU2155,Eukaryota,Oomycota,,,,,
OTU2156,Eukaryota,,,,,,
OTU2157,Eukaryota,Chordata,Actinopteri,Cypriniformes,Cyprinidae,Systomus,
OTU2158,Eukaryota,,,,,,
OTU2159,Eukaryota,,,,,,
OTU216,Eukaryota,,,,,,
OTU2160,Eukaryota,,,,,,
OTU2161,Eukaryota,,,,,,
OTU2162,Eukaryota,,,,,,
OTU2163,Eukaryota,,,,,,
OTU2164,Eukaryota,,,,,,
OTU2165,Eukaryota,,,,,,
OTU2166,Eukaryota,,,,,,
OTU2167,Eukaryota,,,,,,
OTU2168,Eukaryota,,,,,,
OTU2169,Eukaryota,,,,,,
OTU217,Eukaryota,,,,,,
OTU2170,Eukaryota,,,,,,
OTU2171,Eukaryota,,,,,,
OTU2172,Eukaryota,,,,,,
OTU2173,Eukaryota,,,,,,
OTU2174,Eukaryota,,,,,,
OTU2175,Eukaryota,,,,,,
OTU2176,Eukaryota,,,,,,
OTU2177,Eukaryota,,,,,,
OTU2178,Eukaryota,,,,,,
OTU2179,Eukaryota,,,,,,
OTU218,Eukaryota,,,,,,
OTU2180,Eukaryota,,,,,,
OTU2181,Eukaryota,,Xanthophyceae,Botrydiales,Botrydiaceae,Botrydium,Botrydium_granulatum
OTU2182,Eukaryota,,,,,,
OTU2183,Eukaryota,,,,,,
OTU2184,Eukaryota,,,,,,
OTU2185,Eukaryota,,,,,,
OTU2186,Eukaryota,,,,,,
OTU2187,Eukaryota,,,,,,
OTU2188,Eukaryota,,,,,,
OTU2189,Eukaryota,,,,,,
OTU219,Eukaryota,,,,,,
OTU2190,Eukaryota,,,,,,
OTU2191,Eukaryota,,,,,,
OTU2192,Eukaryota,,,,,,
OTU2193,Eukaryota,,,,,,
OTU2194,Eukaryota,,,,,,
OTU2195,Eukaryota,,,,,,
OTU2196,Eukaryota,,,,,,
OTU2197,Eukaryota,,,,,,
OTU2198,Eukaryota,,,,,,
OTU2199,Eukaryota,,,,,,
OTU22,Eukaryota,,,,,,
OTU220,Eukaryota,,,,,,
OTU2200,Eukaryota,,,,,,
OTU2201,Eukaryota,,,,,,
OTU2202,Eukaryota,,,,,,
OTU2203,Eukaryota,,,,,,
OTU2204,Eukaryota,,,,,,
OTU2205,Eukaryota,,,,,,
OTU2206,Eukaryota,,,,,,
OTU2207,Eukaryota,,,,,,
OTU2208,Eukaryota,,,,,,
OTU2209,Eukaryota,Oomycota,,Pythiales,Pythiaceae,Pythium,
OTU221,Eukaryota,,,,,,
OTU2210,Eukaryota,,,,,,
OTU2211,Eukaryota,,,,,,
OTU2212,Eukaryota,,,,,,
OTU2213,Eukaryota,,,,,,
OTU2214,Eukaryota,,,,,,
OTU2215,Eukaryota,,,,,,
OTU2216,Eukaryota,,,,,,
OTU2217,Eukaryota,,,,,,
OTU2218,Eukaryota,,,,,,
OTU2219,Eukaryota,,,,,,
OTU222,Eukaryota,,,,,,
OTU2220,Eukaryota,,,,,,
OTU2221,Eukaryota,Bacillariophyta,Bacillariophyceae,Bacillariales,Bacillariaceae,Nitzschia,Nitzschia palea
OTU2222,Eukaryota,,,,,,
OTU2223,Eukaryota,,,,,,
OTU2224,Eukaryota,,,,,,
OTU2225,Eukaryota,,,,,,
OTU2226,Eukaryota,,,,,,
OTU2227,Eukaryota,,,,,,
OTU2228,Eukaryota,Discosea,Himatismenida,,Cochliopodiidae,Ovalopodium,Ovalopodium_rosalinum
OTU2229,Eukaryota,,,,,,
OTU223,Eukaryota,,,,,,
OTU2230,Eukaryota,,,,,,
OTU2231,Eukaryota,,,,,,
OTU2232,Eukaryota,,,,,,
OTU2233,Eukaryota,,,,,,
OTU2234,Eukaryota,,,,,,
OTU2235,Eukaryota,,,,,,
OTU2236,Eukaryota,,,,,,
OTU2237,Eukaryota,,,,,,
OTU2238,Eukaryota,,,,,,
OTU2239,Eukaryota,,,,,,
OTU224,Eukaryota,Mucoromycota,Glomeromycetes,Glomerales,Glomeraceae,Rhizophagus,Rhizophagus clarus
OTU2240,Eukaryota,Basidiomycota,Agaricomycetes,Agaricales,,,
OTU2241,Eukaryota,,,,,,
OTU2242,Eukaryota,Gastrotricha,,Chaetonotida,Chaetonotidae,Chaetonotus,
OTU2243,Eukaryota,,,,,,
OTU2244,Eukaryota,Basidiomycota,Malasseziomycetes,Malasseziales,Malasseziaceae,Malassezia,Malassezia furfur
OTU2245,Eukaryota,,,,,,
OTU2246,Eukaryota,,,,,,
OTU2247,Eukaryota,,,,,,
OTU2248,Eukaryota,Oomycota,,,,,
OTU2249,Eukaryota,,,,,,
OTU225,Eukaryota,,,,,,
OTU2250,Eukaryota,,,,,,
OTU2251,Eukaryota,,,,,,
OTU2252,Eukaryota,,,,,,
OTU2253,Eukaryota,Arthropoda,Insecta,Diptera,Muscidae,Fraserella,Fraserella altivolans
OTU2254,Eukaryota,Arthropoda,Insecta,,,,
OTU2255,Eukaryota,,,,,,
OTU2256,Eukaryota,,,,,,
OTU2257,Eukaryota,,,,,,
OTU2258,Eukaryota,,,,,,
OTU2259,Eukaryota,,,,,,
OTU226,Eukaryota,Rhodophyta,Florideophyceae,,,,
OTU2260,Eukaryota,,,,,,
OTU2261,Eukaryota,,,,,,
OTU2262,Eukaryota,Oomycota,,Peronosporales,Peronosporaceae,Phytophthora,
OTU2263,Eukaryota,Chlorophyta,Mamiellophyceae,Mamiellales,Mamiellaceae,Micromonas,Micromonas commoda
OTU2264,Eukaryota,,,,,,
OTU2265,Eukaryota,,,,,,
OTU2266,Eukaryota,,,,,,
OTU2267,Eukaryota,,,,,,
OTU2268,Eukaryota,,,,,,
OTU2269,Eukaryota,,,,,,
OTU227,Eukaryota,,,,,,
OTU2270,Eukaryota,,,,,,
OTU2271,Eukaryota,,,,,,
OTU2272,Eukaryota,,,,,,
OTU2273,Eukaryota,,,,,,
OTU2274,Eukaryota,,,,,,
OTU2275,Eukaryota,,,,,,
OTU2276,Eukaryota,,,,,,
OTU2277,Eukaryota,,,,,,
OTU2278,Eukaryota,,,,,,
OTU2279,Eukaryota,,,,,,
OTU228,Eukaryota,,,,,,
OTU2280,Eukaryota,,,,,,
OTU2281,Eukaryota,,,,,,
OTU2282,Eukaryota,,,,,,
OTU2283,Eukaryota,,,,,,
OTU2284,Eukaryota,,,,,,
OTU2285,Eukaryota,Bacillariophyta,Bacillariophyceae,Bacillariales,Bacillariaceae,,
OTU2286,Eukaryota,,,,,,
OTU2287,Eukaryota,,,,,,
OTU2288,Eukaryota,,,,,,
OTU2289,Eukaryota,,,,,,
OTU229,Eukaryota,Oomycota,,Pythiales,Pythiaceae,Pythium,
OTU2290,Eukaryota,,,,,,
OTU2291,Eukaryota,,,,,,
OTU2292,Eukaryota,,,,,,
OTU2293,Eukaryota,,,,,,
OTU2294,Eukaryota,Oomycota,,Pythiales,Pythiaceae,Globisporangium,
OTU2295,Eukaryota,,,,,,
OTU2296,Eukaryota,,,,,,
OTU2297,Eukaryota,,,,,,
OTU2298,Eukaryota,,,,,,
OTU2299,Eukaryota,,,,,,
OTU23,Eukaryota,,,,,,
OTU230,Eukaryota,,,,,,
OTU2300,Eukaryota,,,,,,
OTU2301,Eukaryota,,,,,,
OTU2302,Eukaryota,,,,,,
OTU2303,Eukaryota,,,,,,
OTU2304,Eukaryota,,,,,,
OTU2305,Eukaryota,,,,,,
OTU2306,Eukaryota,,,,,,
OTU2307,Eukaryota,,,,,,
OTU2308,Eukaryota,,,,,,
OTU2309,Eukaryota,,,,,,
OTU231,Eukaryota,Oomycota,,Saprolegniales,Saprolegniaceae,Achlya_2,
OTU2310,Eukaryota,,,,,,
OTU2311,Eukaryota,,,,,,
OTU2312,Eukaryota,,,,,,
OTU2313,Eukaryota,,,,,,
OTU2314,Eukaryota,,,,,,
OTU2315,Eukaryota,,,,,,
OTU2316,Eukaryota,,,,,,
OTU2317,Eukaryota,,,,,,
OTU2318,Eukaryota,,,,,,
OTU2319,Eukaryota,,,,,,
OTU232,Eukaryota,,,,,,
OTU2320,Eukaryota,Basidiomycota,Agaricomycetes,Boletales,Rhizopogonaceae,Rhizopogon,Rhizopogon vinicolor
OTU2321,Eukaryota,,,,,,
OTU2322,Eukaryota,,Phaeophyceae,Ectocarpales,Scytosiphonaceae,Planosiphon,Planosiphon_gracilis
OTU2323,Eukaryota,,,,,,
OTU2324,Eukaryota,,,,,,
OTU2325,Eukaryota,,,,,,
OTU2326,Eukaryota,,,,,,
OTU2327,Eukaryota,Bacillariophyta,Coscinodiscophyceae,Chaetocerotales,Chaetocerotaceae,Chaetoceros,
OTU2328,Eukaryota,,,,,,
OTU2329,Eukaryota,,,,,,
OTU233,Eukaryota,,,,,,
OTU2330,Eukaryota,,,,,,
OTU2331,Eukaryota,,,,,,
OTU2332,Eukaryota,,,,,,
OTU2333,Eukaryota,,,,,,
OTU2334,Eukaryota,,,,,,
OTU2335,Eukaryota,,,,,,
OTU2336,Eukaryota,,,,,,
OTU2337,Eukaryota,,,,,,
OTU2338,Eukaryota,,,,,,
OTU2339,Eukaryota,,,,,,
OTU234,Eukaryota,,,,,,
OTU2340,Eukaryota,,,,,,
OTU2341,Eukaryota,,,,,,
OTU2342,Eukaryota,,,,,,
OTU2343,Eukaryota,,,,,,
OTU2344,Eukaryota,,,,,,
OTU2345,Eukaryota,,,,,,
OTU2346,Eukaryota,,,,,,
OTU2347,Eukaryota,,,,,,
OTU2348,Eukaryota,,,,,,
OTU2349,Eukaryota,,,,,,
OTU235,Eukaryota,Cnidaria,Hydrozoa,Leptothecata,,,
OTU2350,Eukaryota,,,,,,
OTU2351,Eukaryota,,,,,,
OTU2352,Eukaryota,,,,,,
OTU2353,Eukaryota,,,,,,
OTU2354,Eukaryota,,,,,,
OTU2355,Eukaryota,,,,,,
OTU2356,Eukaryota,,,,,,
OTU2357,Eukaryota,,,,,,
OTU2358,Eukaryota,,,,,,
OTU2359,Eukaryota,,,,,,
OTU236,Eukaryota,,,,,,
OTU2360,Eukaryota,,,,,,
OTU2361,Eukaryota,,,,,,
OTU2362,Eukaryota,,,,,,
OTU2363,Eukaryota,,,,,,
OTU2364,Eukaryota,,,,,,
OTU2365,Eukaryota,,,,,,
OTU2366,Eukaryota,,,,,,
OTU2367,Eukaryota,,,,,,
OTU2368,Eukaryota,,,,,,
OTU2369,Eukaryota,,,,,,
OTU237,Eukaryota,,,,,,
OTU2370,Eukaryota,,,,,,
OTU2371,Eukaryota,,,,,,
OTU2372,Eukaryota,,,,,,
OTU2373,Eukaryota,,,,,,
OTU2374,Eukaryota,,,,,,
OTU2375,Eukaryota,,,,,,
OTU2376,Eukaryota,,,,,,
OTU2377,Eukaryota,,,,,,
OTU2378,Eukaryota,,,,,,
OTU2379,Eukaryota,,,,,,
OTU238,Eukaryota,Streptophyta,,,,,
OTU2380,Eukaryota,,,,,,
OTU2381,Eukaryota,Chordata,,,,,
OTU2382,Eukaryota,,,,,,
OTU2383,Eukaryota,Discosea,Flabellinia,Dactylopodida,Paramoebidae,Korotnevella,
OTU2384,Eukaryota,,,,,,
OTU2385,Eukaryota,,,,,,
OTU2386,Eukaryota,Basidiomycota,Agaricomycetes,,,,
OTU2387,Eukaryota,,,,,,
OTU2388,Eukaryota,,,,,,
OTU2389,Eukaryota,Arthropoda,,,,,
OTU239,Eukaryota,Chlorophyta,Trebouxiophyceae,Chlorellales,Chlorellaceae,Auxenochlorella,Auxenochlorella protothecoides
OTU2390,Eukaryota,Arthropoda,Malacostraca,Cumacea,Nannastacidae,Campylaspis,Campylaspis horrida
OTU2391,Eukaryota,,,,,,
OTU2392,Eukaryota,,,,,,
OTU2393,Eukaryota,,,,,,
OTU2394,Eukaryota,,,,,,
OTU2395,Eukaryota,,,,,,
OTU2396,Eukaryota,Cnidaria,Anthozoa,Actiniaria,,,
OTU2397,Eukaryota,,,,,,
OTU2398,Eukaryota,,,,,,
OTU2399,Eukaryota,,,,,,
OTU24,Eukaryota,Bacillariophyta,Bacillariophyceae,Bacillariales,Bacillariaceae,Cylindrotheca,Cylindrotheca closterium
OTU240,Eukaryota,,,,,,
OTU2400,Eukaryota,,,,,,
OTU2401,Eukaryota,,,,,,
OTU2402,Eukaryota,,,,,,
OTU2403,Eukaryota,,,,,,
OTU2404,Eukaryota,,,,,,
OTU2405,Eukaryota,,,,,,
OTU2406,Eukaryota,,,,,,
OTU2407,Eukaryota,Arthropoda,Insecta,,,,
OTU2408,Eukaryota,,,,,,
OTU2409,Eukaryota,,,,,,
OTU241,Eukaryota,,,,,,
OTU2410,Eukaryota,,,,,,
OTU2411,Eukaryota,,,,,,
OTU2412,Eukaryota,,,,,,
OTU2413,Eukaryota,,,,,,
OTU2414,Eukaryota,,,,,,
OTU2415,Eukaryota,,,,,,
OTU2416,Eukaryota,,,,,,
OTU2417,Eukaryota,Mollusca,Gastropoda,,Melanopsidae,Melanopsis,
OTU2418,Eukaryota,,,,,,
OTU2419,Eukaryota,,,,,,
OTU242,Eukaryota,,,,,,
OTU2420,Eukaryota,,,,,,
OTU2421,Eukaryota,Ascomycota,Eurotiomycetes,Eurotiales,Aspergillaceae,,
OTU2422,Eukaryota,,,,,,
OTU2423,Eukaryota,,,,,,
OTU2424,Eukaryota,,,,,,
OTU2425,Eukaryota,,,,,,
OTU2426,Eukaryota,,,,,,
OTU2427,Eukaryota,,,,,,
OTU2428,Eukaryota,,,,,,
OTU2429,Eukaryota,,,,,,
OTU243,Eukaryota,,,,,,
OTU2430,Eukaryota,,,,,,
OTU2431,Eukaryota,,,,,,
OTU2432,Eukaryota,,,,,,
OTU2433,Eukaryota,,,,,,
OTU2434,Eukaryota,,,,,,
OTU2435,Eukaryota,,,,,,
OTU2436,Eukaryota,,,,,,
OTU2437,Eukaryota,,,,,,
OTU2438,Eukaryota,,,,,,
OTU2439,Eukaryota,,,,,,
OTU244,Eukaryota,Chlorophyta,Trebouxiophyceae,Chlorellales,Chlorellaceae,,
OTU2440,Eukaryota,,,,,,
OTU2441,Eukaryota,,,,,,
OTU2442,Eukaryota,,,,,,
OTU2443,Eukaryota,Oomycota,,,,,
OTU2444,Eukaryota,,,,,,
OTU2445,Eukaryota,,,,,,
OTU2446,Eukaryota,,,,,,
OTU2447,Eukaryota,,,,,,
OTU2448,Eukaryota,Oomycota,,Pythiales,Pythiaceae,Pythium,
OTU2449,Eukaryota,,,,,,
OTU245,Eukaryota,,,,,,
OTU2450,Eukaryota,,,,,,
OTU2451,Eukaryota,,,,,,
OTU2452,Eukaryota,,,,,,
OTU2453,Eukaryota,,,,,,
OTU2454,Eukaryota,,,,,,
OTU2455,Eukaryota,,,,,,
OTU2456,Eukaryota,Discosea,,Longamoebia,Acanthamoebidae,Acanthamoeba,Acanthamoeba_tubiashi
OTU2457,Eukaryota,,,,,,
OTU2458,Eukaryota,,,,,,
OTU2459,Eukaryota,,,,,,
OTU246,Eukaryota,,,,,,
OTU2460,Eukaryota,,,,,,
OTU2461,Eukaryota,,,,,,
OTU2462,Eukaryota,,,,,,
OTU2463,Eukaryota,,,,,,
OTU2464,Eukaryota,,,,,,
OTU2465,Eukaryota,,,,,,
OTU2466,Eukaryota,,,,,,
OTU2467,Eukaryota,,,,,,
OTU2468,Eukaryota,,,,,,
OTU2469,Eukaryota,,,,,,
OTU247,Eukaryota,,,,,,
OTU2470,Eukaryota,,,,,,
OTU2471,Eukaryota,,,,,,
OTU2472,Eukaryota,,,,,,
OTU2473,Eukaryota,,,,,,
OTU2474,Eukaryota,,,,,,
OTU2475,Eukaryota,,,,,,
OTU2476,Eukaryota,,,,,,
OTU2477,Eukaryota,,,,,,
OTU2478,Eukaryota,Blastocladiomycota,Blastocladiomycetes,Blastocladiales,Blastocladiaceae,Blastocladiella,Blastocladiella emersonii
OTU2479,Eukaryota,,,,,,
OTU248,Eukaryota,,,,,,
OTU2480,Eukaryota,,,,,,
OTU2481,Eukaryota,,Phaeophyceae,Fucales,Notheiaceae,Notheia,Notheia_anomala
OTU2482,Eukaryota,,,,,,
OTU2483,Eukaryota,,,,,,
OTU2484,Eukaryota,,,,,,
OTU2485,Eukaryota,,,,,,
OTU2486,Eukaryota,,,,,,
OTU2487,Eukaryota,Basidiomycota,Agaricomycetes,Russulales,Russulaceae,Lactifluus,Lactifluus volemus
OTU2488,Eukaryota,,,,,,
OTU2489,Eukaryota,,,,,,
OTU249,Eukaryota,,,,,,
OTU2490,Eukaryota,,,,,,
OTU2491,Eukaryota,,,,,,
OTU2492,Eukaryota,,,,,,
OTU2493,Eukaryota,,,,,,
OTU2494,Eukaryota,,,,,,
OTU2495,Eukaryota,,,,,,
OTU2496,Eukaryota,,,,,,
OTU2497,Eukaryota,,,,,,
OTU2498,Eukaryota,,,,,,
OTU2499,Eukaryota,,,,,,
OTU25,Eukaryota,,,,,,
OTU250,Eukaryota,,,,,,
OTU2500,Eukaryota,Discosea,Flabellinia,Dactylopodida,Paramoebidae,Korotnevella,Korotnevella fousta
OTU2501,Eukaryota,,,,,,
OTU2502,Eukaryota,,,,,,
OTU2503,Eukaryota,,,,,,
OTU2504,Eukaryota,,,,,,
OTU2505,Eukaryota,,,,,,
OTU2506,Eukaryota,,,,,,
OTU2507,Eukaryota,,,,,,
OTU2508,Eukaryota,,,,,,
OTU2509,Eukaryota,,,,,,
OTU251,Eukaryota,,,,,,
OTU2510,Eukaryota,,,,,,
OTU2511,Eukaryota,,,,,,
OTU2512,Eukaryota,,,,,,
OTU2513,Eukaryota,,,,,,
OTU2514,Eukaryota,,,,,,
OTU2515,Eukaryota,,,,,,
OTU2516,Eukaryota,,,,,,
OTU2517,Eukaryota,,,,,,
OTU2518,Eukaryota,,,,,,
OTU2519,Eukaryota,,,,,,
OTU252,Eukaryota,Streptophyta,Magnoliopsida,Lamiales,Lentibulariaceae,Utricularia,
OTU2520,Eukaryota,,,,,,
OTU2521,Eukaryota,,,,,,
OTU2522,Eukaryota,,,,,,
OTU2523,Eukaryota,,,,,,
OTU2524,Eukaryota,,,,,,
OTU2525,Eukaryota,,,,,,
OTU2526,Eukaryota,,,,,,
OTU2527,Eukaryota,,,,,,
OTU2528,Eukaryota,,,,,,
OTU2529,Eukaryota,,,,,,
OTU253,Eukaryota,,,,,,
OTU2530,Eukaryota,,,,,,
OTU2531,Eukaryota,,,,,,
OTU2532,Eukaryota,,,,,,
OTU2533,Eukaryota,,,,,,
OTU2534,Eukaryota,,,,,,
OTU2535,Eukaryota,,,,,,
OTU2536,Eukaryota,,,,,,
OTU2537,Eukaryota,Basidiomycota,Agaricomycetes,,,,
OTU2538,Eukaryota,,,,,,
OTU2539,Eukaryota,,,,,,
OTU254,Eukaryota,,,,,,
OTU2540,Eukaryota,,,,,,
OTU2541,Eukaryota,,,,,,
OTU2542,Eukaryota,,,,,,
OTU2543,Eukaryota,,,,,,
OTU2544,Eukaryota,,,,,,
OTU2545,Eukaryota,,,,,,
OTU2546,Eukaryota,,,,,,
OTU2547,Eukaryota,,,,,,
OTU2548,Eukaryota,,,,,,
OTU2549,Eukaryota,,,,,,
OTU255,Eukaryota,,,,,,
OTU2550,Eukaryota,,,,,,
OTU2551,Eukaryota,,,,,,
OTU2552,Eukaryota,,,,,,
OTU2553,Eukaryota,,,,,,
OTU2554,Eukaryota,,,,,,
OTU2555,Eukaryota,,,,,,
OTU2556,Eukaryota,,,,,,
OTU2557,Eukaryota,,,,,,
OTU2558,Eukaryota,,,,,,
OTU2559,Eukaryota,,,,,,
OTU256,Eukaryota,,,,,,
OTU2560,Eukaryota,,,,,,
OTU2561,Eukaryota,,,,,,
OTU2562,Eukaryota,,,,,,
OTU2563,Eukaryota,Cnidaria,Hydrozoa,Siphonophorae,Diphyidae,Lensia,Lensia subtiloides
OTU2564,Eukaryota,,,,,,
OTU2565,Eukaryota,,,,,,
OTU2566,Eukaryota,,,,,,
OTU2567,Eukaryota,,,,,,
OTU2568,Eukaryota,,,,,,
OTU2569,Eukaryota,,,,,,
OTU257,Eukaryota,Oomycota,,,,,
OTU2570,Eukaryota,Discosea,Flabellinia,Dactylopodida,Vexilliferidae,Vexillifera,
OTU2571,Eukaryota,,,,,,
OTU2572,Eukaryota,Arthropoda,Insecta,,,,
OTU2573,Eukaryota,,,,,,
OTU2574,Eukaryota,,,,,,
OTU2575,Eukaryota,,,,,,
OTU2576,Eukaryota,,,,,,
OTU2577,Eukaryota,,,,,,
OTU2578,Eukaryota,,,,,,
OTU2579,Eukaryota,,,,,,
OTU258,Eukaryota,,,,,,
OTU2580,Eukaryota,,,,,,
OTU2581,Eukaryota,Chlorophyta,Florideophyceae,,,,
OTU2582,Eukaryota,,,,,,
OTU2583,Eukaryota,,,,,,
OTU2584,Eukaryota,,,,,,
OTU2585,Eukaryota,,,,,,
OTU2586,Eukaryota,,,,,,
OTU2587,Eukaryota,,,,,,
OTU2588,Eukaryota,,,,,,
OTU2589,Eukaryota,,,,,,
OTU259,Eukaryota,,,,,,
OTU2590,Eukaryota,,,,,,
OTU2591,Eukaryota,,,,,,
OTU2592,Eukaryota,,,,,,
OTU2593,Eukaryota,,,,,,
OTU2594,Eukaryota,,,,,,
OTU2595,Eukaryota,,,,,,
OTU2596,Eukaryota,,,,,,
OTU2597,Eukaryota,,,,,,
OTU2598,Eukaryota,,,,,,
OTU2599,Eukaryota,,,,,,
OTU26,Eukaryota,,,,,,
OTU260,Eukaryota,Basidiomycota,Agaricomycetes,,,,
OTU2600,Eukaryota,,,,,,
OTU2601,Eukaryota,,,,,,
OTU2602,Eukaryota,,,,,,
OTU2603,Eukaryota,,,,,,
OTU2604,Eukaryota,,,,,,
OTU2605,Eukaryota,,,,,,
OTU2606,Eukaryota,,,,,,
OTU2607,Eukaryota,,,,,,
OTU2608,Eukaryota,,,,,,
OTU2609,Eukaryota,,,,,,
OTU261,Eukaryota,,,,,,
OTU2610,Eukaryota,,,,,,
OTU2611,Eukaryota,,,,,,
OTU2612,Eukaryota,,,,,,
OTU2613,Eukaryota,,,,,,
OTU2614,Eukaryota,,,,,,
OTU2615,Eukaryota,,,,,,
OTU2616,Eukaryota,,,,,,
OTU2617,Eukaryota,,,,,,
OTU2618,Eukaryota,,,,,,
OTU2619,Eukaryota,,,,,,
OTU262,Eukaryota,,,,,,
OTU2620,Eukaryota,,,,,,
OTU2621,Eukaryota,,,,,,
OTU2622,Eukaryota,,,,,,
OTU2623,Eukaryota,,,,,,
OTU2624,Eukaryota,,,,,,
OTU2625,Eukaryota,,,,,,
OTU2626,Eukaryota,,,,,,
OTU2627,Eukaryota,,,,,,
OTU2628,Eukaryota,,,,,,
OTU2629,Eukaryota,,,,,,
OTU263,Eukaryota,,,,,,
OTU2630,Eukaryota,,,,,,
OTU2631,Eukaryota,,,,,,
OTU2632,Eukaryota,,,,,,
OTU2633,Eukaryota,,,,,,
OTU2634,Eukaryota,,,,,,
OTU2635,Eukaryota,,,,,,
OTU2636,Eukaryota,,,,,,
OTU2637,Eukaryota,Basidiomycota,Agaricomycetes,Agaricales,Schizophyllaceae,Schizophyllum,Schizophyllum commune
OTU2638,Eukaryota,,,,,,
OTU2639,Eukaryota,,,,,,
OTU264,Eukaryota,,,,,,
OTU2640,Eukaryota,,,,,,
OTU2641,Eukaryota,,,,,,
OTU2642,Eukaryota,,,,,,
OTU2643,Eukaryota,,,,,,
OTU2644,Eukaryota,,,,,,
OTU2645,Eukaryota,,,,,,
OTU2646,Eukaryota,,,,,,
OTU2647,Eukaryota,,,,,,
OTU2648,Eukaryota,,,,,,
OTU2649,Eukaryota,,,,,,
OTU265,Eukaryota,,,,,,
OTU2650,Eukaryota,,,,,,
OTU2651,Eukaryota,,,,,,
OTU2652,Eukaryota,Rhodophyta,Florideophyceae,Ceramiales,Rhodomelaceae,,
OTU2653,Eukaryota,,,,,,
OTU2654,Eukaryota,,,,,,
OTU2655,Eukaryota,,,,,,
OTU2656,Eukaryota,,,,,,
OTU2657,Eukaryota,,,,,,
OTU2658,Eukaryota,,,,,,
OTU2659,Eukaryota,,,,,,
OTU266,Eukaryota,,,,,,
OTU2660,Eukaryota,,,,,,
OTU2661,Eukaryota,,,,,,
OTU2662,Eukaryota,,,,,,
OTU2663,Eukaryota,,,,,,
OTU2664,Eukaryota,,,,,,
OTU2665,Eukaryota,Bacillariophyta,Bacillariophyceae,Naviculales,Sellaphoraceae,Sellaphora,Sellaphora seminulum
OTU2666,Eukaryota,,,,,,
OTU2667,Eukaryota,,,,,,
OTU2668,Eukaryota,,,,,,
OTU2669,Eukaryota,Basidiomycota,Agaricomycetes,,,,
OTU267,Eukaryota,Chlorophyta,Mamiellophyceae,Mamiellales,Mamiellaceae,Micromonas,Micromonas commoda
OTU2670,Eukaryota,,,,,,
OTU2671,Eukaryota,Chordata,,,,,
OTU2672,Eukaryota,,,,,,
OTU2673,Eukaryota,,,,,,
OTU2674,Eukaryota,,,,,,
OTU2675,Eukaryota,,,,,,
OTU2676,Eukaryota,,,,,,
OTU2677,Eukaryota,,,,,,
OTU2678,Eukaryota,,,,,,
OTU2679,Eukaryota,,,,,,
OTU268,Eukaryota,,,,,,
OTU2680,Eukaryota,,,,,,
OTU2681,Eukaryota,,,,,,
OTU2682,Eukaryota,,,,,,
OTU2683,Eukaryota,,,,,,
OTU2684,Eukaryota,,,,,,
OTU2685,Eukaryota,,,,,,
OTU2686,Eukaryota,,,,,,
OTU2687,Eukaryota,,,,,,
OTU2688,Eukaryota,,,,,,
OTU2689,Eukaryota,,,,,,
OTU269,Eukaryota,,,,,,
OTU2690,Eukaryota,,,,,,
OTU2691,Eukaryota,,,,,,
OTU2692,Eukaryota,,,,,,
OTU2693,Eukaryota,,,,,,
OTU2694,Eukaryota,,,,,,
OTU2695,Eukaryota,,,,,,
OTU2696,Eukaryota,,,,,,
OTU2697,Eukaryota,,,,,,
OTU2698,Eukaryota,Chlorophyta,Trebouxiophyceae,Chlorellales,Chlorellaceae,,
OTU2699,Eukaryota,,,,,,
OTU27,Eukaryota,,,,,,
OTU270,Eukaryota,,,,,,
OTU2700,Eukaryota,,,,,,
OTU2701,Eukaryota,,,,,,
OTU2702,Eukaryota,Chordata,,,,,
OTU2703,Eukaryota,,,,,,
OTU2704,Eukaryota,,,,,,
OTU2705,Eukaryota,Cnidaria,Hydrozoa,Leptothecata,,,
OTU2706,Eukaryota,,,,,,
OTU2707,Eukaryota,,,,,,
OTU2708,Eukaryota,,,,,,
OTU2709,Eukaryota,Chaetognatha,Sagittoidea,Aphragmophora,Sagittidae,Zonosagitta,Zonosagitta nagae
OTU271,Eukaryota,Chlorophyta,Chloropicophyceae,Chloropicales,Chloropicaceae,Chloropicon,Chloropicon roscoffensis
OTU2710,Eukaryota,,,,,,
OTU2711,Eukaryota,,,,,,
OTU2712,Eukaryota,,,,,,
OTU2713,Eukaryota,,,,,,
OTU2714,Eukaryota,,,,,,
OTU2715,Eukaryota,,,,,,
OTU2716,Eukaryota,,,,,,
OTU2717,Eukaryota,,,,,,
OTU2718,Eukaryota,,,,,,
OTU2719,Eukaryota,,,,,,
OTU272,Eukaryota,Mollusca,Gastropoda,Pteropoda,Cliidae,Clio,Clio pyramidata
OTU2720,Eukaryota,,,,,,
OTU2721,Eukaryota,Oomycota,,,,,
OTU2722,Eukaryota,,,,,,
OTU2723,Eukaryota,,,,,,
OTU2724,Eukaryota,,,,,,
OTU2725,Eukaryota,,,,,,
OTU2726,Eukaryota,,,,,,
OTU2727,Eukaryota,,,,,,
OTU2728,Eukaryota,,,,,,
OTU2729,Eukaryota,,,,,,
OTU273,Eukaryota,,,,,,
OTU2730,Eukaryota,,,,,,
OTU2731,Eukaryota,,,,,,
OTU2732,Eukaryota,,,,,,
OTU2733,Eukaryota,,,,,,
OTU2734,Eukaryota,,,,,,
OTU2735,Eukaryota,,,,,,
OTU2736,Eukaryota,,,,,,
OTU274,Eukaryota,,,,,,
OTU275,Eukaryota,,,,,,
OTU276,Eukaryota,,,,,,
OTU277,Eukaryota,,,,,,
OTU278,Eukaryota,Bacillariophyta,Bacillariophyceae,Bacillariales,Bacillariaceae,Pseudonitzschia,Pseudonitzschia decipiens
OTU279,Eukaryota,,,,,,
OTU28,Eukaryota,,,,,,
OTU280,Eukaryota,,,,,,
OTU281,Eukaryota,Rhodophyta,Florideophyceae,,,,
OTU282,Eukaryota,,,,,,
OTU283,Eukaryota,Discosea,Flabellinia,Dactylopodida,Paramoebidae,Korotnevella,Korotnevella fousta
OTU284,Eukaryota,,,,,,
OTU285,Eukaryota,,Cryptophyceae,Pyrenomonadales,Geminigeraceae,Teleaulax,Teleaulax_amphioxeia
OTU286,Eukaryota,,,,,,
OTU287,Eukaryota,,,,,,
OTU288,Eukaryota,,,,,,
OTU289,Eukaryota,,,,,,
OTU29,Eukaryota,,,,,,
OTU290,Eukaryota,,,,,,
OTU291,Eukaryota,,,,,,
OTU292,Eukaryota,,,,,,
OTU293,Eukaryota,,,,,,
OTU294,Eukaryota,,,,,,
OTU295,Eukaryota,,,,,,
OTU296,Eukaryota,,,,,,
OTU297,Eukaryota,,,,,,
OTU298,Eukaryota,,Phaeophyceae,Ectocarpales,,,
OTU299,Eukaryota,Rhodophyta,Florideophyceae,,,,
OTU3,Eukaryota,Oomycota,,Pythiales,Pythiaceae,Pythium,
OTU30,Eukaryota,,,,,,
OTU300,Eukaryota,,,,,,
OTU301,Eukaryota,,,,,,
OTU302,Eukaryota,,,,,,
OTU303,Eukaryota,Chlorophyta,Chloropicophyceae,Chloropicales,Chloropicaceae,Chloropicon,Chloropicon mariensis
OTU304,Eukaryota,,,,,,
OTU305,Eukaryota,,,,,,
OTU306,Eukaryota,,,Apusomonadida,Apusomonadidae,Thecamonas,
OTU307,Eukaryota,,,,,,
OTU308,Eukaryota,Oomycota,,Saprolegniales,Saprolegniaceae,Brevilegnia,Brevilegnia_unisperma
OTU309,Eukaryota,,,,,,
OTU31,Eukaryota,,,,,,
OTU310,Eukaryota,,,,,,
OTU311,Eukaryota,,,,,,
OTU312,Eukaryota,,,,,,
OTU313,Eukaryota,,,,,,
OTU314,Eukaryota,,,,,,
OTU315,Eukaryota,,,,,,
OTU316,Eukaryota,,,,,,
OTU317,Eukaryota,,,,,,
OTU318,Eukaryota,,,,,,
OTU319,Eukaryota,Oomycota,,,,,
OTU32,Eukaryota,,,,,,
OTU320,Eukaryota,,,,,,
OTU321,Eukaryota,,,,,,
OTU322,Eukaryota,Oomycota,,Saprolegniales,Saprolegniaceae,,
OTU323,Eukaryota,,,,,,
OTU324,Eukaryota,,,,,,
OTU325,Eukaryota,,,,,,
OTU326,Eukaryota,,Pelagophyceae,Pelagomonadales,,Pelagomonas,Pelagomonas_calceolata
OTU327,Eukaryota,,,,,,
OTU328,Eukaryota,,,,,,
OTU329,Eukaryota,,,,,,
OTU33,Eukaryota,,,,,,
OTU330,Eukaryota,,,,,,
OTU331,Eukaryota,,,,,,
OTU332,Eukaryota,,,,,,
OTU333,Eukaryota,,,,,,
OTU334,Eukaryota,,,,,,
OTU335,Eukaryota,,,,,,
OTU336,Eukaryota,,,,,,
OTU337,Eukaryota,Bacillariophyta,Bacillariophyceae,Bacillariales,Bacillariaceae,Nitzschia,Nitzschia palea
OTU338,Eukaryota,,Phaeophyceae,,,,
OTU339,Eukaryota,,,,,,
OTU34,Eukaryota,,,,,,
OTU340,Eukaryota,,,,,,
OTU341,Eukaryota,Arthropoda,Insecta,,,,
OTU342,Eukaryota,,,,,,
OTU343,Eukaryota,,,,,,
OTU344,Eukaryota,,,,,,
OTU345,Eukaryota,,,,,,
OTU346,Eukaryota,,,,,,
OTU347,Eukaryota,,,,,,
OTU348,Eukaryota,,,,,,
OTU349,Eukaryota,,,,,,
OTU35,Eukaryota,,,,,,
OTU350,Eukaryota,,,,,,
OTU351,Eukaryota,,,,,,
OTU352,Eukaryota,Chlorophyta,Trebouxiophyceae,Chlorellales,Chlorellaceae,Chlorella,
OTU353,Eukaryota,Oomycota,,,,,
OTU354,Eukaryota,,,,,,
OTU355,Eukaryota,,,,,,
OTU356,Eukaryota,,,,,,
OTU357,Eukaryota,,,,,,
OTU358,Eukaryota,Chlorophyta,,,,,
OTU359,Eukaryota,Oomycota,,Saprolegniales,Saprolegniaceae,,
OTU36,Eukaryota,,,,,,
OTU360,Eukaryota,,,,,,
OTU361,Eukaryota,,,,,,
OTU362,Eukaryota,,,,,,
OTU363,Eukaryota,,,,,,
OTU364,Eukaryota,Chlorophyta,,,,,
OTU365,Eukaryota,,,,,,
OTU366,Eukaryota,,,,,,
OTU367,Eukaryota,,,,,,
OTU368,Eukaryota,,,,,,
OTU369,Eukaryota,,,,,,
OTU37,Eukaryota,,,,,,
OTU370,Eukaryota,,,,,,
OTU371,Eukaryota,,,,,,
OTU372,Eukaryota,,,,,,
OTU373,Eukaryota,,,,Collodictyonidae,Diphylleia,Diphylleia_rotans
OTU374,Eukaryota,Rhodophyta,Florideophyceae,Ceramiales,Rhodomelaceae,Lenormandia,
OTU375,Eukaryota,Bacillariophyta,Bacillariophyceae,Naviculales,Pinnulariaceae,Pinnularia,
OTU376,Eukaryota,,,,,,
OTU377,Eukaryota,,,,,,
OTU378,Eukaryota,,,,,,
OTU379,Eukaryota,,,,,,
OTU38,Eukaryota,,,,,,
OTU380,Eukaryota,,,,,,
OTU381,Eukaryota,,,,,,
OTU382,Eukaryota,,,,,,
OTU383,Eukaryota,,,,,,
OTU384,Eukaryota,Chlorophyta,Chlorodendrophyceae,Chlorodendrales,Chlorodendraceae,Scherffelia,Scherffelia dubia
OTU385,Eukaryota,,,,,,
OTU386,Eukaryota,,,,,,
OTU387,Eukaryota,,,,,,
OTU388,Eukaryota,Rhodophyta,Florideophyceae,Rhodymeniales,Rhodymeniaceae,Rhodymenia,Rhodymenia norfolkensis
OTU389,Eukaryota,,,,,,
OTU39,Eukaryota,Basidiomycota,Agaricomycetes,,,,
OTU390,Eukaryota,,,,,,
OTU391,Eukaryota,,,,,,
OTU392,Eukaryota,,,,,,
OTU393,Eukaryota,,,,,,
OTU394,Eukaryota,,,,,,
OTU395,Eukaryota,,,,,,
OTU396,Eukaryota,,,,,,
OTU397,Eukaryota,,,,,,
OTU398,Eukaryota,,,,,,
OTU399,Eukaryota,,,,,,
OTU4,Eukaryota,Rhodophyta,Florideophyceae,,,,
OTU40,Eukaryota,Arthropoda,,,,,
OTU400,Eukaryota,,,,,,
OTU401,Eukaryota,Arthropoda,Insecta,,,,
OTU402,Eukaryota,,,,,,
OTU403,Eukaryota,,,,,,
OTU404,Eukaryota,,,,,,
OTU405,Eukaryota,Arthropoda,,,,,
OTU406,Eukaryota,,,,,,
OTU407,Eukaryota,,,,,,
OTU408,Eukaryota,,,,,,
OTU409,Eukaryota,,,,,,
OTU41,Eukaryota,,,,,,
OTU410,Eukaryota,Oomycota,,Pythiales,Pythiaceae,Pythium,
OTU411,Eukaryota,,,,,,
OTU412,Eukaryota,,Bolidophyceae,Parmales,Triparmaceae,Triparma,Triparma_laevis
OTU413,Eukaryota,,,,,,
OTU414,Eukaryota,Oomycota,,Saprolegniales,Saprolegniaceae,Saprolegnia,
OTU415,Eukaryota,,,,,,
OTU416,Eukaryota,,,,,,
OTU417,Eukaryota,,,,,,
OTU418,Eukaryota,,,,,,
OTU419,Eukaryota,,,,,,
OTU42,Eukaryota,Chlorophyta,,,,,
OTU420,Eukaryota,,,,,,
OTU421,Eukaryota,,,,,,
OTU422,Eukaryota,,,,,,
OTU423,Eukaryota,,,,,,
OTU424,Eukaryota,,,,,,
OTU425,Eukaryota,,,,,,
OTU426,Eukaryota,,,,,,
OTU427,Eukaryota,Chordata,Actinopteri,Centrarchiformes,Centrarchidae,Micropterus,
OTU428,Eukaryota,,,,,,
OTU429,Eukaryota,,,,,,
OTU43,Eukaryota,,,,,,
OTU430,Eukaryota,,,,,,
OTU431,Eukaryota,,,,,,
OTU432,Eukaryota,,,,,,
OTU433,Eukaryota,Arthropoda,Insecta,Lepidoptera,Psychidae,Hyaloscotes,Hyaloscotes pithopoera
OTU434,Eukaryota,,,,,,
OTU435,Eukaryota,,,,,,
OTU436,Eukaryota,,,,,,
OTU437,Eukaryota,,,,,,
OTU438,Eukaryota,,,,,,
OTU439,Eukaryota,,,,,,
OTU44,Eukaryota,,,,,,
OTU440,Eukaryota,,,,,,
OTU441,Eukaryota,,,,,,
OTU442,Eukaryota,,,,,,
OTU443,Eukaryota,,,,,,
OTU444,Eukaryota,Mollusca,,,,,
OTU445,Eukaryota,,,,,,
OTU446,Eukaryota,,,,,,
OTU447,Eukaryota,,,,,,
OTU448,Eukaryota,,,,,,
OTU449,Eukaryota,,,,,,
OTU45,Eukaryota,,,,,,
OTU450,Eukaryota,,,,,,
OTU451,Eukaryota,,,,,,
OTU452,Eukaryota,Rhodophyta,Florideophyceae,,,,
OTU453,Eukaryota,,,,,,
OTU454,Eukaryota,,,,,,
OTU455,Eukaryota,,Chrysophyceae,Chromulinales,Chromulinaceae,Chromulinospumella,Chromulinospumella_sphaerica
OTU456,Eukaryota,,,,,,
OTU457,Eukaryota,,,,,,
OTU458,Eukaryota,,,,,,
OTU459,Eukaryota,Bacillariophyta,Coscinodiscophyceae,Chaetocerotales,Chaetocerotaceae,Chaetoceros,
OTU46,Eukaryota,Bacillariophyta,,,,,
OTU460,Eukaryota,,,,,,
OTU461,Eukaryota,,,,,,
OTU462,Eukaryota,,,,,,
OTU463,Eukaryota,,,,,,
OTU464,Eukaryota,,,,,,
OTU465,Eukaryota,,,,,,
OTU466,Eukaryota,,,,,,
OTU467,Eukaryota,,,,,,
OTU468,Eukaryota,Ascomycota,Eurotiomycetes,Eurotiales,Aspergillaceae,Aspergillus,
OTU469,Eukaryota,,,,,,
OTU47,Eukaryota,,,,,,
OTU470,Eukaryota,,,,,,
OTU471,Eukaryota,,Phaeophyceae,Ectocarpales,Acinetosporaceae,Hincksia,Hincksia_granulosa
OTU472,Eukaryota,,,,,,
OTU473,Eukaryota,,,,,,
OTU474,Eukaryota,,,,,,
OTU475,Eukaryota,,Phaeophyceae,Fucales,Durvillaeaceae,Durvillaea,
OTU476,Eukaryota,Oomycota,,,,,
OTU477,Eukaryota,,,,,,
OTU478,Eukaryota,,,,,,
OTU479,Eukaryota,Bacillariophyta,Bacillariophyceae,Bacillariales,Bacillariaceae,Nitzschia,Nitzschia anatoliensis
OTU48,Eukaryota,,,,,,
OTU480,Eukaryota,,,,,,
OTU481,Eukaryota,,Phaeophyceae,Ectocarpales,Chordariaceae,,
OTU482,Eukaryota,,,,,,
OTU483,Eukaryota,,,,,,
OTU484,Eukaryota,,,,,,
OTU485,Eukaryota,,,,,,
OTU486,Eukaryota,,,,,,
OTU487,Eukaryota,,,,,,
OTU488,Eukaryota,,,,,,
OTU489,Eukaryota,,,,,,
OTU49,Eukaryota,Rhodophyta,Florideophyceae,,,,
OTU490,Eukaryota,,,,,,
OTU491,Eukaryota,,,,,,
OTU492,Eukaryota,,,,,,
OTU493,Eukaryota,,,,,,
OTU494,Eukaryota,,,,,,
OTU495,Eukaryota,,,,,,
OTU496,Eukaryota,Arthropoda,Arachnida,Sarcoptiformes,Acaridae,Tyrophagus,Tyrophagus putrescentiae
OTU497,Eukaryota,Rhodophyta,Florideophyceae,,,,
OTU498,Eukaryota,,,,,,
OTU499,Eukaryota,,,,,,
OTU5,Eukaryota,,,,,,
OTU50,Eukaryota,,,,,,
OTU500,Eukaryota,,,,,,
OTU501,Eukaryota,,,,,,
OTU502,Eukaryota,,,,,,
OTU503,Eukaryota,,,,,,
OTU504,Eukaryota,,,,,,
OTU505,Eukaryota,,,,,,
OTU506,Eukaryota,,,,,,
OTU507,Eukaryota,,,,,,
OTU508,Eukaryota,,,,,,
OTU509,Eukaryota,Rhodophyta,Florideophyceae,,,,
OTU51,Eukaryota,,,,,,
OTU510,Eukaryota,Arthropoda,,,,,
OTU511,Eukaryota,,,,,,
OTU512,Eukaryota,,,,,,
OTU513,Eukaryota,Arthropoda,,,,,
OTU514,Eukaryota,Oomycota,,Pythiales,Pythiaceae,Salispina,Salispina_spinosa
OTU515,Eukaryota,,,,,,
OTU516,Eukaryota,Ascomycota,Sordariomycetes,Microascales,Ceratocystidaceae,Ceratocystis,
OTU517,Eukaryota,,,,,,
OTU518,Eukaryota,,,,,,
OTU519,Eukaryota,,,,,,
OTU52,Eukaryota,,,,,,
OTU520,Eukaryota,,,,,,
OTU521,Eukaryota,Bacillariophyta,Bacillariophyceae,Bacillariales,Bacillariaceae,Nitzschia,Nitzschia palea
OTU522,Eukaryota,,,,,,
OTU523,Eukaryota,,,,,,
OTU524,Eukaryota,,,,,,
OTU525,Eukaryota,,,,,,
OTU526,Eukaryota,Arthropoda,Insecta,Hemiptera,Aphididae,Coloradoa,Coloradoa rufomaculata
OTU527,Eukaryota,Ascomycota,Eurotiomycetes,Eurotiales,Aspergillaceae,Aspergillus,
OTU528,Eukaryota,,,,,,
OTU529,Eukaryota,,,,,,
OTU53,Eukaryota,Chlorophyta,,,Pycnococcaceae,Pycnococcus,Pycnococcus_provasolii
OTU530,Eukaryota,,,,,,
OTU531,Eukaryota,Bacillariophyta,Bacillariophyceae,Bacillariales,Bacillariaceae,Nitzschia,Nitzschia palea
OTU532,Eukaryota,,,,,,
OTU533,Eukaryota,,,,,,
OTU534,Eukaryota,,,,,,
OTU535,Eukaryota,,,,,,
OTU536,Eukaryota,,,,,,
OTU537,Eukaryota,,,,,,
OTU538,Eukaryota,,,,,,
OTU539,Eukaryota,,,,,,
OTU54,Eukaryota,Oomycota,,Pythiales,Pythiaceae,,
OTU540,Eukaryota,,,,,,
OTU541,Eukaryota,,,,,,
OTU542,Eukaryota,,,,,,
OTU543,Eukaryota,,,,,,
OTU544,Eukaryota,,,,,,
OTU545,Eukaryota,,,,,,
OTU546,Eukaryota,,,,,,
OTU547,Eukaryota,Arthropoda,Collembola,Entomobryomorpha,Entomobryidae,Entomobrya,Entomobrya multifasciata
OTU548,Eukaryota,,,,,,
OTU549,Eukaryota,,,,,,
OTU55,Eukaryota,Bacillariophyta,Bacillariophyceae,Bacillariales,Bacillariaceae,Nitzschia,Nitzschia palea
OTU550,Eukaryota,,,,,,
OTU551,Eukaryota,,,,,,
OTU552,Eukaryota,Bacillariophyta,Bacillariophyceae,Bacillariales,Bacillariaceae,Nitzschia,Nitzschia palea
OTU553,Eukaryota,,,,,,
OTU554,Eukaryota,,,,,,
OTU555,Eukaryota,,,,,,
OTU556,Eukaryota,,,,,,
OTU557,Eukaryota,,,,,,
OTU558,Eukaryota,Arthropoda,,,,,
OTU559,Eukaryota,,,,,,
OTU56,Eukaryota,,,,,,
OTU560,Eukaryota,Rhodophyta,Florideophyceae,,,,
OTU561,Eukaryota,,,,,,
OTU562,Eukaryota,,,,,,
OTU563,Eukaryota,,,,,,
OTU564,Eukaryota,,,,,,
OTU565,Eukaryota,,,,,,
OTU566,Eukaryota,,,,,,
OTU567,Eukaryota,,,,,,
OTU568,Eukaryota,Arthropoda,Insecta,,,Odonata,
OTU569,Eukaryota,,,,,,
OTU57,Eukaryota,,,,,,
OTU570,Eukaryota,,,,,,
OTU571,Eukaryota,,,,,,
OTU572,Eukaryota,,,,,,
OTU573,Eukaryota,,,,,,
OTU574,Eukaryota,,,,,,
OTU575,Eukaryota,,,,,,
OTU576,Eukaryota,Oomycota,,,,,
OTU577,Eukaryota,,,,,,
OTU578,Eukaryota,,,,,,
OTU579,Eukaryota,,,,,,
OTU58,Eukaryota,,,,,,
OTU580,Eukaryota,Rhodophyta,Florideophyceae,Gigartinales,,,
OTU581,Eukaryota,,,,,,
OTU582,Eukaryota,,,,,,
OTU583,Eukaryota,,,,,,
OTU584,Eukaryota,,,,,,
OTU585,Eukaryota,,,,,,
OTU586,Eukaryota,,,,,,
OTU587,Eukaryota,Oomycota,,Pythiales,Pythiaceae,,
OTU588,Eukaryota,,,,,,
OTU589,Eukaryota,,,,,,
OTU59,Eukaryota,,,,,,
OTU590,Eukaryota,,,,,,
OTU591,Eukaryota,,,,,,
OTU592,Eukaryota,,,,,,
OTU593,Eukaryota,,,,,,
OTU594,Eukaryota,,,,,,
OTU595,Eukaryota,Bacillariophyta,Coscinodiscophyceae,Thalassiosirales,Skeletonemataceae,Skeletonema,Skeletonema pseudocostatum
OTU596,Eukaryota,,,,,,
OTU597,Eukaryota,,,,,,
OTU598,Eukaryota,,,,,,
OTU599,Eukaryota,,,,,,
OTU6,Eukaryota,,,,,,
OTU60,Eukaryota,,,,,,
OTU600,Eukaryota,,,,,,
OTU601,Eukaryota,,,,,,
OTU602,Eukaryota,,,,,,
OTU603,Eukaryota,,,,,,
OTU604,Eukaryota,,,,,,
OTU605,Eukaryota,,,,,,
OTU606,Eukaryota,Rotifera,Eurotatoria,Ploima,Asplanchnidae,Asplanchna,Asplanchna intermedia
OTU607,Eukaryota,Basidiomycota,Agaricomycetes,,,,
OTU608,Eukaryota,,,,,,
OTU609,Eukaryota,,,,,,
OTU61,Eukaryota,Rhodophyta,Florideophyceae,Corallinales,Corallinaceae,Neogoniolithon,Neogoniolithon megalocystum
OTU610,Eukaryota,,,,,,
OTU611,Eukaryota,,,,,,
OTU612,Eukaryota,,,,,,
OTU613,Eukaryota,,,,,,
OTU614,Eukaryota,Bacillariophyta,Bacillariophyceae,Bacillariales,Bacillariaceae,Nitzschia,Nitzschia palea
OTU615,Eukaryota,,,,,,
OTU616,Eukaryota,,,,,,
OTU617,Eukaryota,,,,,,
OTU618,Eukaryota,,,,,,
OTU619,Eukaryota,,,,,,
OTU62,Eukaryota,,,,,,
OTU620,Eukaryota,,,,,,
OTU621,Eukaryota,,,,,,
OTU622,Eukaryota,,,,,,
OTU623,Eukaryota,,,,,,
OTU624,Eukaryota,,,,,,
OTU625,Eukaryota,,,,,,
OTU626,Eukaryota,,,,,,
OTU627,Eukaryota,,,,,,
OTU628,Eukaryota,,,,,,
OTU629,Eukaryota,,,,,,
OTU63,Eukaryota,,,,,,
OTU630,Eukaryota,Chordata,Actinopteri,Clupeiformes,Engraulidae,Thryssa,
OTU631,Eukaryota,,,,,,
OTU632,Eukaryota,,,,,,
OTU633,Eukaryota,,,,,,
OTU634,Eukaryota,,,,,,
OTU635,Eukaryota,,,,,,
OTU636,Eukaryota,,,,,,
OTU637,Eukaryota,,,,,,
OTU638,Eukaryota,,,,,,
OTU639,Eukaryota,,,,,,
OTU64,Eukaryota,,,,,,
OTU640,Eukaryota,,,,,,
OTU641,Eukaryota,,,,,,
OTU642,Eukaryota,,,,,,
OTU643,Eukaryota,,,,,,
OTU644,Eukaryota,,,,,,
OTU645,Eukaryota,,,,,,
OTU646,Eukaryota,,,,,,
OTU647,Eukaryota,,,,,,
OTU648,Eukaryota,,,,,,
OTU649,Eukaryota,Streptophyta,Zygnemophyceae,,,,
OTU65,Eukaryota,Bacillariophyta,Bacillariophyceae,Bacillariales,Bacillariaceae,Nitzschia,
OTU650,Eukaryota,Basidiomycota,,,,,
OTU651,Eukaryota,Bacillariophyta,,,,,
OTU652,Eukaryota,,,,,,
OTU653,Eukaryota,,,,,,
OTU654,Eukaryota,,,,,,
OTU655,Eukaryota,Oomycota,,Saprolegniales,Saprolegniaceae,Achlya_2,
OTU656,Eukaryota,,,,,,
OTU657,Eukaryota,Streptophyta,Magnoliopsida,Poales,Poaceae,,
OTU658,Eukaryota,Gastrotricha,,Chaetonotida,Chaetonotidae,,
OTU659,Eukaryota,,,,,,
OTU66,Eukaryota,,,,,,
OTU660,Eukaryota,,,,,,
OTU661,Eukaryota,,,,,,
OTU662,Eukaryota,,,,,,
OTU663,Eukaryota,,,,,,
OTU664,Eukaryota,,,,,,
OTU665,Eukaryota,,,,,,
OTU666,Eukaryota,,,,,,
OTU667,Eukaryota,Oomycota,,Pythiales,Pythiaceae,Salispina,Salispina_spinosa
OTU668,Eukaryota,,,,,,
OTU669,Eukaryota,,,,,,
OTU67,Eukaryota,,,,,,
OTU670,Eukaryota,,,,,,
OTU671,Eukaryota,,,,,,
OTU672,Eukaryota,,,,,,
OTU673,Eukaryota,,,,,,
OTU674,Eukaryota,,,,,,
OTU675,Eukaryota,,,,,,
OTU676,Eukaryota,,,,,,
OTU677,Eukaryota,,,,,,
OTU678,Eukaryota,Oomycota,,Saprolegniales,Saprolegniaceae,,
OTU679,Eukaryota,Bacillariophyta,Bacillariophyceae,Naviculales,,,
OTU68,Eukaryota,Ascomycota,Sordariomycetes,Diaporthales,,,
OTU680,Eukaryota,,,,,,
OTU681,Eukaryota,,,,,,
OTU682,Eukaryota,Basidiomycota,Agaricomycetes,Agaricales,Agaricaceae,Macrolepiota,Macrolepiota fuliginosa
OTU683,Eukaryota,,,,,,
OTU684,Eukaryota,,,,,,
OTU685,Eukaryota,,,,,,
OTU686,Eukaryota,,,,,,
OTU687,Eukaryota,,,,,,
OTU688,Eukaryota,,,,,,
OTU689,Eukaryota,,,,,,
OTU69,Eukaryota,,,,,,
OTU690,Eukaryota,,,,,,
OTU691,Eukaryota,,,,,,
OTU692,Eukaryota,,,,,,
OTU693,Eukaryota,,,,,,
OTU694,Eukaryota,,,,,,
OTU695,Eukaryota,,,,,,
OTU696,Eukaryota,,,,,,
OTU697,Eukaryota,,,,,,
OTU698,Eukaryota,,,,,,
OTU699,Eukaryota,,,,,,
OTU7,Eukaryota,,,,,,
OTU70,Eukaryota,,,,,,
OTU700,Eukaryota,,,,,,
OTU701,Eukaryota,,,,,,
OTU702,Eukaryota,,,,,,
OTU703,Eukaryota,,,,,,
OTU704,Eukaryota,,,,,,
OTU705,Eukaryota,,,,,,
OTU706,Eukaryota,Arthropoda,,,,,
OTU707,Eukaryota,,,,,,
OTU708,Eukaryota,Oomycota,,Saprolegniales,Saprolegniaceae,,
OTU709,Eukaryota,,,,,,
OTU71,Eukaryota,,,,,,
OTU710,Eukaryota,,,,,,
OTU711,Eukaryota,,,,,,
OTU712,Eukaryota,,,,,,
OTU713,Eukaryota,,,,,,
OTU714,Eukaryota,,,,,,
OTU715,Eukaryota,,,,,,
OTU716,Eukaryota,,,,,,
OTU717,Eukaryota,,,,,,
OTU718,Eukaryota,,,,,,
OTU719,Eukaryota,,,,,,
OTU72,Eukaryota,,,,,,
OTU720,Eukaryota,,,,,,
OTU721,Eukaryota,,,,,,
OTU722,Eukaryota,,,,,,
OTU723,Eukaryota,,,,,,
OTU724,Eukaryota,,,,,,
OTU725,Eukaryota,,,,,,
OTU726,Eukaryota,Rhodophyta,Florideophyceae,,,,
OTU727,Eukaryota,,,,,,
OTU728,Eukaryota,,,,,,
OTU729,Eukaryota,Oomycota,,Saprolegniales,Saprolegniaceae,,
OTU73,Eukaryota,Bacillariophyta,Bacillariophyceae,Bacillariales,Bacillariaceae,Nitzschia,Nitzschia palea
OTU730,Eukaryota,,,,,,
OTU731,Eukaryota,,,,,,
OTU732,Eukaryota,,,,,,
OTU733,Eukaryota,,,,,,
OTU734,Eukaryota,,,,,,
OTU735,Eukaryota,,,,,,
OTU736,Eukaryota,,,,,,
OTU737,Eukaryota,,,,,,
OTU738,Eukaryota,,,,,,
OTU739,Eukaryota,,,,,,
OTU74,Eukaryota,,,,,,
OTU740,Eukaryota,,,,,,
OTU741,Eukaryota,,,,,,
OTU742,Eukaryota,,,,,,
OTU743,Eukaryota,,,Apusomonadida,Apusomonadidae,Thecamonas,
OTU744,Eukaryota,,,,,,
OTU745,Eukaryota,Arthropoda,,,,,
OTU746,Eukaryota,,,,,,
OTU747,Eukaryota,,,,,,
OTU748,Eukaryota,,,,,,
OTU749,Eukaryota,,,,,,
OTU75,Eukaryota,,,,,,
OTU750,Eukaryota,,,,,,
OTU751,Eukaryota,,,,,,
OTU752,Eukaryota,,,,,,
OTU753,Eukaryota,,,,,,
OTU754,Eukaryota,,,,,,
OTU755,Eukaryota,,,,,,
OTU756,Eukaryota,,,,,,
OTU757,Eukaryota,,,,,,
OTU758,Eukaryota,,,,,,
OTU759,Eukaryota,,,,,,
OTU76,Eukaryota,,Chrysophyceae,Chromulinales,Chromulinaceae,Spumella,Spumella_vulgaris
OTU760,Eukaryota,,,,,,
OTU761,Eukaryota,,,,,,
OTU762,Eukaryota,,,,,,
OTU763,Eukaryota,,,,,,
OTU764,Eukaryota,Oomycota,,,,,
OTU765,Eukaryota,,,,,,
OTU766,Eukaryota,Bryozoa,Gymnolaemata,Cheilostomatida,Lacernidae,Arthropoma,Arthropoma inarmata
OTU767,Eukaryota,,,,,,
OTU768,Eukaryota,Streptophyta,Bryopsida,Hypnales,,,
OTU769,Eukaryota,,,,,,
OTU77,Eukaryota,,,,,,
OTU770,Eukaryota,,,,,,
OTU771,Eukaryota,,,,,,
OTU772,Eukaryota,,,,,,
OTU773,Eukaryota,,,,,,
OTU774,Eukaryota,,,,,,
OTU775,Eukaryota,Arthropoda,,,,,
OTU776,Eukaryota,Arthropoda,Insecta,,,,
OTU777,Eukaryota,,,,,,
OTU778,Eukaryota,,,,,,
OTU779,Eukaryota,,Phaeophyceae,Ectocarpales,Chordariaceae,Leathesia,
OTU78,Eukaryota,,,,,,
OTU780,Eukaryota,,,,,,
OTU781,Eukaryota,,,,,,
OTU782,Eukaryota,Arthropoda,,,,,
OTU783,Eukaryota,,,,,,
OTU784,Eukaryota,Arthropoda,Insecta,,,,
OTU785,Eukaryota,,,,,,
OTU786,Eukaryota,,,,,,
OTU787,Eukaryota,,,,,,
OTU788,Eukaryota,,,,,,
OTU789,Eukaryota,,,,,,
OTU79,Eukaryota,,,,,,
OTU790,Eukaryota,,,,,,
OTU791,Eukaryota,,,,,,
OTU792,Eukaryota,,,,,,
OTU793,Eukaryota,,,,,,
OTU794,Eukaryota,,,,,,
OTU795,Eukaryota,,,,,,
OTU796,Eukaryota,,,,,,
OTU797,Eukaryota,,,,,,
OTU798,Eukaryota,,,,,,
OTU799,Eukaryota,,,,,,
OTU8,Eukaryota,Oomycota,,,,,
OTU80,Eukaryota,Oomycota,,Saprolegniales,Saprolegniaceae,Saprolegnia,
OTU800,Eukaryota,,,,,,
OTU801,Eukaryota,,,,,,
OTU802,Eukaryota,Arthropoda,Malacostraca,Decapoda,,,
OTU803,Eukaryota,,,,,,
OTU804,Eukaryota,,,,,,
OTU805,Eukaryota,,,,,,
OTU806,Eukaryota,Bacillariophyta,Coscinodiscophyceae,Thalassiosirales,Thalassiosiraceae,Thalassiosira,Thalassiosira profunda
OTU807,Eukaryota,,,,,,
OTU808,Eukaryota,,,,,,
OTU809,Eukaryota,,,,,,
OTU81,Eukaryota,Rhodophyta,Florideophyceae,,,,
OTU810,Eukaryota,,,,,,
OTU811,Eukaryota,Arthropoda,Arachnida,Sarcoptiformes,Pyroglyphidae,Dermatophagoides,Dermatophagoides pteronyssinus
OTU812,Eukaryota,,,,,,
OTU813,Eukaryota,,,,,,
OTU814,Eukaryota,,,,,,
OTU815,Eukaryota,,,,,,
OTU816,Eukaryota,,,,,,
OTU817,Eukaryota,,,,,,
OTU818,Eukaryota,,,,,,
OTU819,Eukaryota,,,,,,
OTU82,Eukaryota,,,,,,
OTU820,Eukaryota,Chlorophyta,Mamiellophyceae,Monomastigales,Monomastigaceae,Monomastix,Monomastix minuta
OTU821,Eukaryota,,,,,,
OTU822,Eukaryota,,,,,,
OTU823,Eukaryota,Oomycota,,Pythiales,Pythiaceae,,
OTU824,Eukaryota,,,,,,
OTU825,Eukaryota,,,,,,
OTU826,Eukaryota,,,,,,
OTU827,Eukaryota,,,,,,
OTU828,Eukaryota,,,,,,
OTU829,Eukaryota,,,,,,
OTU83,Eukaryota,,,,,,
OTU830,Eukaryota,,,,,,
OTU831,Eukaryota,,,,,,
OTU832,Eukaryota,,,,,,
OTU833,Eukaryota,,,,,,
OTU834,Eukaryota,,,,,,
OTU835,Eukaryota,,,,,,
OTU836,Eukaryota,,,,,,
OTU837,Eukaryota,,,,,,
OTU838,Eukaryota,,,,,,
OTU839,Eukaryota,Bacillariophyta,Bacillariophyceae,Bacillariales,Bacillariaceae,,
OTU84,Eukaryota,,,,,,
OTU840,Eukaryota,,,,,,
OTU841,Eukaryota,Arthropoda,Insecta,Diptera,,,
OTU842,Eukaryota,,,,,,
OTU843,Eukaryota,,,,,,
OTU844,Eukaryota,,,,,,
OTU845,Eukaryota,,,,,,
OTU846,Eukaryota,,,,,,
OTU847,Eukaryota,,,,,,
OTU848,Eukaryota,,,,,,
OTU849,Eukaryota,,,,,,
OTU85,Eukaryota,,,,,,
OTU850,Eukaryota,,,,,,
OTU851,Eukaryota,,,,,,
OTU852,Eukaryota,,Phaeophyceae,,,,
OTU853,Eukaryota,,,,,,
OTU854,Eukaryota,,,,,,
OTU855,Eukaryota,,,,,,
OTU856,Eukaryota,Rhodophyta,Florideophyceae,,,,
OTU857,Eukaryota,,,,,,
OTU858,Eukaryota,,,,,,
OTU859,Eukaryota,,,,,,
OTU86,Eukaryota,,,,,,
OTU860,Eukaryota,,,,,,
OTU861,Eukaryota,,,,,,
OTU862,Eukaryota,,,,,,
OTU863,Eukaryota,,,,,,
OTU864,Eukaryota,,,,,,
OTU865,Eukaryota,,,,,,
OTU866,Eukaryota,,,,,,
OTU867,Eukaryota,,,,,,
OTU868,Eukaryota,,,,,,
OTU869,Eukaryota,Discosea,Flabellinia,Dactylopodida,Vexilliferidae,Vexillifera,
OTU87,Eukaryota,,,,,,
OTU870,Eukaryota,,,,,,
OTU871,Eukaryota,,,,,,
OTU872,Eukaryota,,,,,,
OTU873,Eukaryota,Rhodophyta,Florideophyceae,,,,
OTU874,Eukaryota,,,,,,
OTU875,Eukaryota,,,,,,
OTU876,Eukaryota,Arthropoda,Hexanauplia,Siphonostomatoida,Caligidae,Caligus,
OTU877,Eukaryota,,,,,,
OTU878,Eukaryota,,,,,,
OTU879,Eukaryota,,,,,,
OTU88,Eukaryota,Bacillariophyta,Bacillariophyceae,Bacillariales,Bacillariaceae,Nitzschia,Nitzschia palea
OTU880,Eukaryota,,,,,,
OTU881,Eukaryota,,Cryptophyceae,Kathablepharidacea,Katablepharidaceae,Leucocryptos,Leucocryptos_marina
OTU882,Eukaryota,,,,,,
OTU883,Eukaryota,,,,,,
OTU884,Eukaryota,,,,,,
OTU885,Eukaryota,,,,,,
OTU886,Eukaryota,,,,,,
OTU887,Eukaryota,,,,,,
OTU888,Eukaryota,,,,,,
OTU889,Eukaryota,,,,,,
OTU89,Eukaryota,,,,,,
OTU890,Eukaryota,Mucoromycota,Mucoromycetes,Mucorales,Mucoraceae,,
OTU891,Eukaryota,,,,,,
OTU892,Eukaryota,Rotifera,Eurotatoria,Ploima,Brachionidae,Brachionus,Brachionus calyciflorus
OTU893,Eukaryota,,,,,,
OTU894,Eukaryota,,,,,,
OTU895,Eukaryota,,,,,,
OTU896,Eukaryota,,,,,,
OTU897,Eukaryota,,,,,,
OTU898,Eukaryota,,,,,,
OTU899,Eukaryota,Rhodophyta,,,,,
OTU9,Eukaryota,,,,,,
OTU90,Eukaryota,,,,,,
OTU900,Eukaryota,,,,,,
OTU901,Eukaryota,,,,,,
OTU902,Eukaryota,,,,,,
OTU903,Eukaryota,,,,,,
OTU904,Eukaryota,,,,,,
OTU905,Eukaryota,Rhodophyta,Florideophyceae,,,,
OTU906,Eukaryota,,,,,,
OTU907,Eukaryota,,,,,,
OTU908,Eukaryota,Basidiomycota,Microbotryomycetes,Sporidiobolales,Sporidiobolaceae,Rhodotorula,
OTU909,Eukaryota,,,,,,
OTU91,Eukaryota,,,,,,
OTU910,Eukaryota,,,,,,
OTU911,Eukaryota,,,,,,
OTU912,Eukaryota,Rhodophyta,Florideophyceae,,,,
OTU913,Eukaryota,,,,,,
OTU914,Eukaryota,,,,,,
OTU915,Eukaryota,Mollusca,Gastropoda,Neogastropoda,,,
OTU916,Eukaryota,,,,,,
OTU917,Eukaryota,,,,,,
OTU918,Eukaryota,,,,,,
OTU919,Eukaryota,,,,,,
OTU92,Eukaryota,,,,,,
OTU920,Eukaryota,,,,,,
OTU921,Eukaryota,Rhodophyta,Florideophyceae,Ceramiales,Ceramiaceae,,
OTU922,Eukaryota,,,,,,
OTU923,Eukaryota,Arthropoda,,,,,
OTU924,Eukaryota,Oomycota,,Myzocytiopsidales,Myzocytiopsidaceae,Chlamydomyzium,Chlamydomyzium_anomalum
OTU925,Eukaryota,,,,,,
OTU926,Eukaryota,Bacillariophyta,Bacillariophyceae,Bacillariales,Bacillariaceae,Nitzschia,Nitzschia palea
OTU927,Eukaryota,,,,,,
OTU928,Eukaryota,,,,,,
OTU929,Eukaryota,,,,,,
OTU93,Eukaryota,Oomycota,,,,,
OTU930,Eukaryota,,,,,,
OTU931,Eukaryota,,,,,,
OTU932,Eukaryota,,,,,,
OTU933,Eukaryota,,,,,,
OTU934,Eukaryota,Rhodophyta,Florideophyceae,Gigartinales,Solieriaceae,Sarconema,Sarconema scinaioides
OTU935,Eukaryota,,,,,,
OTU936,Eukaryota,Arthropoda,,,,,
OTU937,Eukaryota,,,,,,
OTU938,Eukaryota,,,,,,
OTU939,Eukaryota,,,,,,
OTU94,Eukaryota,,,,,,
OTU940,Eukaryota,Chordata,Actinopteri,Cypriniformes,Acheilognathidae,Rhodeus,Rhodeus lighti
OTU941,Eukaryota,,,,,,
OTU942,Eukaryota,,,,,,
OTU943,Eukaryota,,,,,,
OTU944,Eukaryota,Rhodophyta,Florideophyceae,,,,
OTU945,Eukaryota,,,,,,
OTU946,Eukaryota,,,,,,
OTU947,Eukaryota,Rhodophyta,Florideophyceae,Gigartinales,Dumontiaceae,Constantinea,Constantinea rosamarina
OTU948,Eukaryota,,,,,,
OTU949,Eukaryota,,,,,,
OTU95,Eukaryota,,,,,,
OTU950,Eukaryota,,,,,,
OTU951,Eukaryota,Arthropoda,Insecta,Hemiptera,,,
OTU952,Eukaryota,,,,,,
OTU953,Eukaryota,,,,,,
OTU954,Eukaryota,,,,,,
OTU955,Eukaryota,,,,,,
OTU956,Eukaryota,,Xanthophyceae,Mischococcales,Mischococcaceae,Mischococcus,Mischococcus_sphaerocephalus
OTU957,Eukaryota,,,,,,
OTU958,Eukaryota,,,,,,
OTU959,Eukaryota,,,,,,
OTU96,Eukaryota,,,,,,
OTU960,Eukaryota,,,,,,
OTU961,Eukaryota,Oomycota,,,,,
OTU962,Eukaryota,,,,,,
OTU963,Eukaryota,,,,,,
OTU964,Eukaryota,,,,,,
OTU965,Eukaryota,,,,,,
OTU966,Eukaryota,,,,,,
OTU967,Eukaryota,,,,,,
OTU968,Eukaryota,,,,,,
OTU969,Eukaryota,,,,,,
OTU97,Eukaryota,,,,,,
OTU970,Eukaryota,,,,,,
OTU971,Eukaryota,,,,,,
OTU972,Eukaryota,,,,,,
OTU973,Eukaryota,,,,,,
OTU974,Eukaryota,,,,,,
OTU975,Eukaryota,,,,,,
OTU976,Eukaryota,,,,,,
OTU977,Eukaryota,,,,,,
OTU978,Eukaryota,,,,,,
OTU979,Eukaryota,,,,,,
OTU98,Eukaryota,,,,,,
OTU980,Eukaryota,,,,,,
OTU981,Eukaryota,,,,,,
OTU982,Eukaryota,,,,,,
OTU983,Eukaryota,,,,,,
OTU984,Eukaryota,,,,,,
OTU985,Eukaryota,,,,,,
OTU986,Eukaryota,,,,,,
OTU987,Eukaryota,,,,,,
OTU988,Eukaryota,,,,,,
OTU989,Eukaryota,Arthropoda,Branchiopoda,Diplostraca,Moinidae,Moina,Moina macrocopa
OTU99,Eukaryota,,,,,,
OTU990,Eukaryota,Evosea,Eumycetozoa,Physariida,Physaraceae,Physarum,Physarum polycephalum
OTU991,Eukaryota,,,,,,
OTU992,Eukaryota,,,,,,
OTU993,Eukaryota,Oomycota,,Pythiales,Pythiaceae,Elongisporangium,
OTU994,Eukaryota,,,,,,
OTU995,Eukaryota,,,,,,
OTU996,Eukaryota,Discosea,Flabellinia,,Vannellidae,Clydonella,Clydonella_sawyeri
OTU997,Eukaryota,,,,,,
OTU998,Eukaryota,,,,,,
OTU999,Eukaryota,Oomycota,,Saprolegniales,Saprolegniaceae,,